o,d,generated_flow,Actual_flow
780.0,199.0,2.4899094,3.0
883.0,1046.0,3.8984892,2.0
1338.0,143.0,1.9131944,2.0
166.0,127.0,3.00148,3.0
1748.0,906.0,2.7166162,3.0
2000.0,1779.0,2.396318,2.0
155.0,206.0,3.4861395,4.0
1608.0,1146.0,4.459698,3.0
529.0,448.0,2.243961,2.0
924.0,923.0,2.146082,2.0
1647.0,4.0,8.95563,8.0
1645.0,5.0,2.7175303,3.0
203.0,485.0,1.8910608,2.0
2063.0,623.0,2.049829,3.0
1344.0,191.0,2.107863,2.0
1136.0,1953.0,2.6385303,4.0
690.0,679.0,1.9851141,2.0
1361.0,700.0,2.0792308,3.0
587.0,1876.0,2.4722214,2.0
1569.0,13.0,3.5646324,2.0
94.0,1576.0,2.078647,2.0
1789.0,2073.0,2.6215441,2.0
1270.0,1286.0,4.4447308,4.0
159.0,534.0,2.262166,3.0
1267.0,954.0,2.9550617,3.0
1306.0,320.0,2.093277,3.0
1188.0,136.0,2.5660524,2.0
411.0,318.0,2.7955976,2.0
157.0,1112.0,2.6081872,3.0
1825.0,245.0,1.6504351,3.0
1749.0,1278.0,2.3803687,4.0
1055.0,1021.0,2.0920436,2.0
2.0,1286.0,1.7285857,2.0
1288.0,461.0,2.2406127,3.0
815.0,1602.0,2.2349408,2.0
249.0,271.0,1.9395275,2.0
1191.0,1847.0,2.1566918,2.0
1562.0,477.0,3.7612646,4.0
732.0,736.0,2.1597836,2.0
1147.0,815.0,1.972487,2.0
1583.0,613.0,2.016451,2.0
883.0,2009.0,15.247097,17.0
2041.0,835.0,1.927355,2.0
1807.0,882.0,4.1034107,5.0
1172.0,1129.0,2.1448927,2.0
1893.0,756.0,1.9364588,2.0
1192.0,129.0,2.7278378,2.0
830.0,1112.0,2.6055062,2.0
13.0,780.0,2.2391872,2.0
1871.0,2066.0,2.0977368,2.0
1112.0,1139.0,2.138244,2.0
1127.0,145.0,3.3609676,2.0
907.0,956.0,2.3613994,2.0
94.0,1816.0,2.331308,2.0
523.0,1779.0,2.3867807,4.0
1607.0,109.0,3.1584792,2.0
1783.0,191.0,2.36791,2.0
991.0,1740.0,2.6659982,3.0
1165.0,825.0,2.0121105,2.0
892.0,883.0,11.6606,2.0
1160.0,1742.0,1.947435,2.0
1177.0,162.0,2.4516973,2.0
1434.0,1740.0,2.0586693,2.0
657.0,736.0,2.0605457,2.0
1156.0,1119.0,2.2425923,2.0
512.0,38.0,1.9864353,2.0
1286.0,2028.0,2.9122224,3.0
1981.0,1794.0,3.2435398,6.0
167.0,1209.0,2.8134325,3.0
155.0,1188.0,2.2078,2.0
204.0,839.0,2.8823504,3.0
1233.0,155.0,2.1411402,2.0
191.0,1779.0,2.939268,8.0
469.0,204.0,6.3618836,7.0
1838.0,797.0,3.0281959,2.0
1175.0,809.0,3.4428544,2.0
1160.0,830.0,2.1653903,2.0
1020.0,1027.0,3.3601565,2.0
1957.0,243.0,2.4514904,2.0
1953.0,1779.0,3.4063783,2.0
54.0,1936.0,2.2556767,2.0
1127.0,240.0,2.610315,3.0
1749.0,892.0,10.1042795,8.0
833.0,856.0,2.3767676,4.0
1728.0,949.0,2.1056297,2.0
207.0,99.0,2.2007084,4.0
1562.0,1459.0,2.8069124,4.0
1158.0,1805.0,2.6818182,2.0
431.0,1436.0,1.9377898,3.0
1994.0,2009.0,2.539515,2.0
194.0,1027.0,2.8927455,3.0
1260.0,892.0,3.13441,4.0
954.0,1049.0,2.2384472,3.0
1164.0,1152.0,3.6436882,3.0
68.0,1485.0,2.1948607,2.0
61.0,1872.0,2.744971,3.0
21.0,937.0,2.2926798,2.0
477.0,7.0,23.095806,39.0
111.0,491.0,2.5102863,3.0
413.0,1216.0,2.025691,3.0
1344.0,1096.0,2.2925043,2.0
5.0,4.0,5.7208805,4.0
32.0,1825.0,2.4872954,2.0
1850.0,1936.0,1.9544474,2.0
1850.0,1848.0,4.6550846,2.0
194.0,2082.0,2.005992,2.0
810.0,1667.0,1.8850851,2.0
1164.0,112.0,2.2614193,3.0
2000.0,2012.0,2.8569777,6.0
156.0,355.0,1.9433593,2.0
849.0,1134.0,6.3171773,3.0
529.0,272.0,1.9544824,2.0
469.0,1574.0,2.1515193,2.0
1672.0,1779.0,2.654317,2.0
1259.0,896.0,9.490782,10.0
843.0,1136.0,2.3936844,7.0
194.0,1267.0,2.250831,2.0
797.0,1976.0,2.2254102,2.0
512.0,602.0,1.8517795,2.0
828.0,873.0,2.3338075,3.0
191.0,1016.0,2.2027564,2.0
1278.0,2002.0,2.2708821,2.0
737.0,361.0,3.0401402,2.0
835.0,1805.0,3.2892532,5.0
156.0,135.0,2.2560418,2.0
835.0,857.0,4.9704103,5.0
191.0,1899.0,2.1566212,2.0
481.0,849.0,2.2069378,2.0
1757.0,115.0,2.4724102,2.0
1144.0,1779.0,2.4078193,3.0
401.0,155.0,4.5881233,3.0
206.0,1693.0,1.9831349,2.0
2011.0,1259.0,3.4429593,2.0
656.0,1208.0,2.1007175,2.0
2025.0,1984.0,3.0019848,2.0
841.0,1167.0,2.8145418,4.0
1261.0,2025.0,2.6910696,2.0
844.0,469.0,2.4580367,2.0
956.0,886.0,2.0131621,2.0
523.0,1371.0,2.0634105,2.0
991.0,1759.0,1.9041337,2.0
1769.0,310.0,1.9369259,2.0
1116.0,1133.0,3.154913,4.0
410.0,105.0,2.147021,2.0
116.0,364.0,2.6750662,3.0
854.0,159.0,3.3906102,4.0
2036.0,913.0,2.6331234,3.0
2025.0,2035.0,4.264689,2.0
844.0,1165.0,2.8529847,2.0
1046.0,896.0,2.7988975,7.0
1603.0,1133.0,3.3812604,6.0
2011.0,176.0,2.0504537,2.0
2025.0,2036.0,12.589564,11.0
509.0,614.0,2.1837075,2.0
869.0,1580.0,1.8507538,2.0
264.0,500.0,1.8137895,2.0
840.0,1109.0,2.3847256,2.0
1039.0,54.0,2.016362,2.0
492.0,326.0,2.1746392,2.0
371.0,1216.0,2.010398,2.0
656.0,1861.0,3.9479642,7.0
1611.0,1978.0,2.2050476,2.0
1158.0,830.0,2.441599,2.0
803.0,809.0,2.440692,2.0
204.0,1112.0,6.798978,5.0
2036.0,1096.0,1.9927208,2.0
737.0,411.0,2.9830313,3.0
1837.0,0.0,5.554016,4.0
1133.0,57.0,2.8661175,2.0
47.0,549.0,1.8525292,2.0
1005.0,1433.0,1.8249171,2.0
361.0,146.0,2.3286996,2.0
1899.0,920.0,3.9717147,5.0
423.0,1598.0,2.091473,2.0
145.0,121.0,1.7186816,2.0
2010.0,957.0,2.158023,2.0
1175.0,1603.0,2.0311298,3.0
2079.0,1670.0,1.8848565,3.0
906.0,1284.0,2.530966,8.0
675.0,401.0,2.1469498,2.0
509.0,1932.0,2.134344,2.0
843.0,1152.0,7.3660297,10.0
207.0,75.0,3.405808,3.0
194.0,1909.0,2.4098656,2.0
529.0,1730.0,2.4919,5.0
1915.0,1848.0,3.6721692,2.0
511.0,61.0,2.17599,2.0
872.0,1959.0,1.9879845,2.0
1229.0,1310.0,2.089681,2.0
1047.0,2002.0,2.5549197,2.0
240.0,1188.0,2.1545863,2.0
222.0,436.0,2.2550764,2.0
712.0,364.0,2.160482,3.0
805.0,203.0,2.1034448,2.0
2025.0,999.0,2.2194579,2.0
1779.0,1947.0,1.9730474,2.0
883.0,906.0,10.275261,9.0
892.0,1040.0,1.9482484,2.0
1872.0,438.0,2.3189094,3.0
1636.0,364.0,2.0921254,2.0
844.0,851.0,2.0227623,2.0
1968.0,357.0,1.9855087,5.0
1562.0,2074.0,4.5213003,2.0
1188.0,166.0,2.9632652,2.0
903.0,1642.0,2.2103107,2.0
61.0,1334.0,2.0285044,2.0
633.0,676.0,1.9950029,2.0
1044.0,898.0,1.9689016,2.0
828.0,1978.0,4.8390517,2.0
1124.0,862.0,2.0865455,2.0
431.0,1446.0,2.182108,2.0
813.0,481.0,3.0079417,2.0
833.0,557.0,2.1471715,2.0
1568.0,1160.0,2.207858,2.0
1748.0,1278.0,2.2421994,4.0
1833.0,1007.0,2.2024417,2.0
1214.0,1213.0,2.225913,3.0
529.0,1833.0,1.6537552,3.0
96.0,402.0,2.012586,2.0
1930.0,428.0,2.1585977,2.0
1953.0,864.0,2.4755645,5.0
207.0,809.0,8.742538,3.0
157.0,109.0,2.7275229,2.0
2028.0,1808.0,2.7208662,2.0
132.0,163.0,2.2904792,2.0
1441.0,1138.0,1.758918,2.0
813.0,1109.0,6.3562965,5.0
1636.0,320.0,2.1323645,2.0
131.0,1230.0,2.6679716,2.0
920.0,1859.0,1.9836943,2.0
193.0,500.0,2.933972,8.0
940.0,908.0,2.493812,2.0
832.0,833.0,2.826505,2.0
2025.0,1809.0,2.1344676,3.0
1893.0,361.0,2.1078882,2.0
135.0,1121.0,1.9934543,2.0
401.0,1761.0,2.6975162,2.0
1757.0,364.0,3.016918,7.0
237.0,1909.0,2.5942028,3.0
1889.0,1371.0,3.0976365,3.0
392.0,1309.0,2.0815141,2.0
1129.0,863.0,2.0545912,2.0
1932.0,194.0,2.6769352,3.0
1740.0,1907.0,2.1928682,2.0
1571.0,189.0,1.6935894,2.0
503.0,31.0,2.0004783,2.0
1338.0,1909.0,1.9890211,2.0
1900.0,1893.0,1.9868212,2.0
1755.0,1882.0,1.8398776,2.0
1225.0,1229.0,2.2019453,2.0
156.0,1196.0,5.495495,7.0
1760.0,753.0,2.1092303,3.0
1600.0,828.0,2.2412543,2.0
633.0,412.0,2.0206037,2.0
399.0,97.0,2.0043278,2.0
1832.0,1580.0,2.1942537,2.0
1930.0,1228.0,1.6404619,3.0
2006.0,1047.0,2.261486,2.0
1112.0,109.0,4.0203805,3.0
492.0,115.0,2.1602173,3.0
1308.0,99.0,2.4240494,2.0
1895.0,808.0,1.7841336,2.0
1441.0,1436.0,2.0930274,2.0
166.0,1198.0,3.2337933,4.0
1562.0,194.0,3.3523726,2.0
753.0,401.0,1.989001,2.0
2009.0,892.0,3.2266262,4.0
1278.0,1847.0,3.141236,2.0
1832.0,1576.0,2.7157726,7.0
828.0,1158.0,10.831394,22.0
659.0,466.0,2.516317,2.0
843.0,864.0,2.7484274,5.0
1270.0,1807.0,14.136986,35.0
1715.0,843.0,2.0838606,2.0
826.0,843.0,2.9067113,2.0
1953.0,866.0,2.7559087,3.0
485.0,446.0,2.0187624,2.0
1447.0,1442.0,2.0554857,2.0
1861.0,348.0,2.1148276,2.0
1259.0,1274.0,4.9292965,4.0
1618.0,1308.0,2.2026439,2.0
891.0,892.0,2.9967003,2.0
821.0,1160.0,2.7176824,4.0
1953.0,876.0,2.3077953,2.0
1930.0,1458.0,2.1074014,2.0
206.0,117.0,2.0744627,2.0
1848.0,1008.0,4.8382554,5.0
137.0,154.0,2.1517744,2.0
1627.0,676.0,2.2600522,2.0
132.0,133.0,3.1272154,4.0
512.0,928.0,2.1718245,3.0
1133.0,840.0,2.809369,4.0
1861.0,872.0,1.9751053,2.0
1585.0,1003.0,2.0841303,2.0
1838.0,106.0,2.1149273,2.0
578.0,837.0,1.9322772,2.0
1930.0,449.0,4.4330616,3.0
1170.0,1942.0,2.0017543,2.0
1957.0,843.0,2.3150225,2.0
1043.0,1848.0,2.8758488,7.0
1436.0,237.0,2.6476405,4.0
1878.0,1018.0,2.6674573,2.0
578.0,576.0,2.568631,2.0
940.0,883.0,6.3101225,13.0
1923.0,1750.0,2.4792404,2.0
2039.0,1261.0,2.3748295,2.0
896.0,1191.0,2.4849322,4.0
1930.0,1815.0,2.0520113,2.0
1870.0,431.0,2.0813804,2.0
1261.0,913.0,2.3837595,3.0
829.0,1112.0,2.4210968,2.0
411.0,1861.0,2.8369513,6.0
850.0,1779.0,3.3252692,3.0
1645.0,7.0,4.1029935,3.0
1109.0,1965.0,3.2895453,2.0
1562.0,486.0,2.3808115,2.0
1133.0,1168.0,3.4452214,3.0
832.0,1164.0,2.4536712,2.0
154.0,1236.0,2.006887,2.0
1862.0,1847.0,4.95456,5.0
2047.0,2036.0,2.0333352,2.0
1046.0,676.0,2.1763997,2.0
1127.0,1178.0,2.6905527,4.0
1761.0,376.0,2.0927448,2.0
2074.0,773.0,1.8712738,2.0
780.0,1591.0,2.3271008,2.0
880.0,480.0,2.2064362,3.0
1907.0,991.0,2.1297994,2.0
1973.0,835.0,2.6379309,2.0
1122.0,1968.0,3.5359464,3.0
920.0,1020.0,2.1664867,2.0
167.0,1191.0,3.9406254,6.0
109.0,204.0,2.871068,3.0
1050.0,1239.0,1.7374015,2.0
856.0,479.0,2.8067608,2.0
469.0,1572.0,2.2688742,2.0
738.0,1861.0,2.5590737,4.0
843.0,1948.0,2.2693677,3.0
828.0,1580.0,3.2913625,3.0
1824.0,57.0,2.1966052,3.0
438.0,1784.0,2.1004257,3.0
2009.0,1280.0,2.178937,3.0
1932.0,1597.0,2.1052098,2.0
828.0,480.0,2.7354305,2.0
1061.0,1058.0,2.731172,4.0
797.0,815.0,2.6949506,2.0
835.0,825.0,4.527898,3.0
512.0,613.0,2.6038985,2.0
1789.0,1421.0,2.8458896,2.0
892.0,905.0,3.3051496,3.0
122.0,1816.0,7.958114,10.0
1562.0,1573.0,3.4005482,3.0
1603.0,813.0,3.4293265,5.0
1901.0,1283.0,2.152934,2.0
1815.0,774.0,2.5468073,3.0
207.0,1177.0,6.3840957,3.0
1016.0,1595.0,1.9403,2.0
1953.0,1943.0,2.0551853,2.0
1585.0,1027.0,2.0412114,2.0
780.0,185.0,2.242872,2.0
155.0,664.0,2.1201599,2.0
297.0,1779.0,2.4829836,4.0
701.0,732.0,2.0129738,2.0
849.0,469.0,4.627996,3.0
780.0,1371.0,5.4886785,3.0
401.0,1204.0,2.5251555,3.0
57.0,1783.0,19.72595,42.0
529.0,1711.0,1.9456339,2.0
814.0,1146.0,1.9477873,2.0
1858.0,1008.0,4.021652,11.0
1160.0,1139.0,3.3205187,3.0
1124.0,843.0,3.2431233,2.0
1748.0,1270.0,2.716221,2.0
411.0,1124.0,2.0363362,3.0
42.0,193.0,2.0945876,2.0
810.0,835.0,3.6457677,4.0
833.0,109.0,4.4967103,3.0
828.0,876.0,2.5654075,2.0
438.0,434.0,2.311574,2.0
207.0,1171.0,4.188719,5.0
327.0,320.0,2.476623,4.0
883.0,1016.0,4.276793,2.0
1058.0,357.0,1.8371127,2.0
1838.0,151.0,2.097695,4.0
1663.0,106.0,2.0590563,2.0
1429.0,1023.0,2.1067336,2.0
57.0,1784.0,3.6460946,5.0
732.0,245.0,2.150175,2.0
1740.0,1029.0,2.220036,2.0
1838.0,620.0,2.7888348,3.0
1061.0,198.0,2.187378,2.0
1779.0,1229.0,1.9582639,3.0
872.0,111.0,2.859827,4.0
828.0,862.0,2.8292024,3.0
1807.0,2054.0,3.503223,8.0
1121.0,824.0,1.8887389,2.0
1259.0,1808.0,2.200869,2.0
191.0,2011.0,5.0456347,2.0
57.0,1281.0,2.0478506,2.0
1878.0,1247.0,2.0865922,2.0
835.0,534.0,2.3990276,3.0
1136.0,835.0,2.7887812,2.0
2063.0,1096.0,1.8727801,2.0
2036.0,198.0,1.9491348,2.0
1838.0,214.0,2.0322647,2.0
1755.0,1771.0,2.1413646,2.0
813.0,850.0,4.9567237,4.0
850.0,276.0,4.379133,3.0
401.0,756.0,1.9162899,2.0
1825.0,555.0,3.7248838,2.0
1915.0,1043.0,5.175004,6.0
155.0,89.0,3.0845985,2.0
1878.0,744.0,1.917407,2.0
1838.0,1942.0,2.119533,2.0
717.0,240.0,2.3020525,2.0
666.0,1779.0,2.2765622,2.0
1109.0,280.0,3.206973,2.0
1562.0,2059.0,2.7696693,3.0
903.0,902.0,3.2261107,3.0
449.0,438.0,2.19566,2.0
896.0,898.0,2.1120377,4.0
585.0,1715.0,2.0108933,2.0
1058.0,1040.0,2.480292,2.0
1850.0,906.0,2.3295822,2.0
1562.0,191.0,2.55977,2.0
240.0,151.0,3.2973795,2.0
1850.0,1754.0,2.5559168,2.0
587.0,109.0,2.5696113,2.0
1043.0,1254.0,2.0140994,2.0
54.0,1020.0,2.0639682,2.0
15.0,1844.0,2.348054,2.0
0.0,1646.0,2.8326101,2.0
451.0,1023.0,2.0481281,2.0
2000.0,194.0,3.2485747,2.0
1899.0,1779.0,2.6598318,3.0
774.0,272.0,2.3958478,2.0
140.0,196.0,1.6946168,2.0
898.0,1834.0,2.25312,2.0
2048.0,2050.0,2.171193,2.0
176.0,1323.0,2.2789717,2.0
2074.0,1070.0,2.3868456,2.0
1318.0,1192.0,2.1376696,2.0
828.0,107.0,3.0129957,3.0
936.0,933.0,2.2066374,2.0
1164.0,1128.0,2.0431523,2.0
1186.0,245.0,2.8391576,6.0
28.0,1058.0,3.475408,3.0
1278.0,1268.0,2.182519,2.0
826.0,1160.0,3.4604523,4.0
667.0,167.0,2.07618,2.0
5.0,1572.0,3.0386639,2.0
1055.0,1057.0,2.1502125,2.0
1909.0,783.0,2.196054,3.0
774.0,175.0,1.9420738,2.0
1184.0,128.0,1.9638065,2.0
410.0,318.0,2.3820329,2.0
868.0,158.0,2.06739,3.0
207.0,76.0,4.4722652,5.0
1815.0,1975.0,2.2534661,2.0
1043.0,1044.0,12.267331,9.0
1978.0,1779.0,2.5936704,2.0
1225.0,245.0,2.7350066,4.0
1961.0,1173.0,3.1202188,4.0
1147.0,1964.0,2.514317,2.0
1158.0,828.0,8.092443,11.0
1438.0,237.0,2.84823,2.0
828.0,1112.0,10.35622,10.0
1259.0,1749.0,3.8893797,2.0
61.0,1371.0,2.3252454,3.0
1626.0,1868.0,2.2048283,2.0
857.0,1116.0,2.7377424,2.0
832.0,469.0,4.811457,3.0
433.0,194.0,4.5842614,7.0
598.0,828.0,2.1435957,3.0
1041.0,1907.0,2.0148404,3.0
774.0,433.0,2.1117067,2.0
193.0,2025.0,3.2440517,3.0
815.0,157.0,2.1961117,2.0
207.0,1838.0,2.9830675,3.0
1747.0,1043.0,3.2506166,3.0
1779.0,1948.0,2.0068974,2.0
2011.0,193.0,5.832099,3.0
880.0,857.0,2.201898,3.0
835.0,559.0,2.6463037,2.0
469.0,797.0,15.065199,12.0
1956.0,1146.0,3.4961283,2.0
1838.0,927.0,2.1679585,3.0
476.0,4.0,5.6928287,5.0
1139.0,825.0,3.4114504,3.0
1133.0,1647.0,2.2041445,2.0
479.0,1113.0,2.1194754,2.0
1832.0,1668.0,2.5151165,2.0
487.0,1670.0,2.0826821,4.0
1111.0,812.0,2.0838351,2.0
93.0,469.0,2.6451206,2.0
1627.0,1861.0,2.6638339,3.0
1259.0,174.0,4.2060804,4.0
1749.0,1011.0,2.2884648,2.0
1847.0,106.0,2.0415277,2.0
1820.0,997.0,2.1428216,2.0
1970.0,1156.0,2.2486603,2.0
600.0,1838.0,3.6393723,6.0
1259.0,1615.0,2.3360903,2.0
1838.0,1211.0,2.1869955,7.0
850.0,813.0,10.622702,5.0
828.0,804.0,2.1974974,2.0
57.0,1369.0,2.778016,8.0
206.0,1155.0,3.1809514,2.0
1046.0,1924.0,2.5854838,4.0
1147.0,469.0,3.1706772,2.0
1779.0,138.0,2.0407798,2.0
1833.0,2027.0,2.295301,4.0
616.0,109.0,2.429,2.0
490.0,176.0,2.0716562,2.0
1858.0,891.0,2.0295389,2.0
1421.0,502.0,1.9972806,2.0
1666.0,1647.0,9.225559,14.0
2011.0,1893.0,3.9209547,8.0
379.0,843.0,2.0758328,2.0
1068.0,883.0,3.1316981,2.0
939.0,1747.0,2.6849492,3.0
156.0,1122.0,2.2696843,2.0
2006.0,1016.0,2.5833213,3.0
1850.0,1751.0,2.2639198,3.0
1018.0,2047.0,2.0766015,3.0
1930.0,1917.0,2.0262866,2.0
454.0,778.0,2.1883297,2.0
15.0,1779.0,2.4298959,5.0
1415.0,1023.0,2.0533946,2.0
194.0,1230.0,1.8907452,2.0
1158.0,856.0,2.7581658,3.0
136.0,145.0,2.8323517,2.0
825.0,843.0,2.828463,2.0
2039.0,2011.0,2.1318517,2.0
2041.0,1096.0,2.1536055,2.0
1852.0,1972.0,2.002958,2.0
1158.0,1136.0,2.5162935,2.0
811.0,1109.0,3.0465572,2.0
906.0,1068.0,3.0740798,3.0
1420.0,1413.0,1.9828997,2.0
1133.0,1152.0,2.8145676,3.0
813.0,109.0,4.0956383,3.0
674.0,1861.0,2.4831786,2.0
1147.0,1112.0,2.5456529,2.0
1852.0,828.0,2.6640165,3.0
358.0,1407.0,1.7864437,2.0
1755.0,701.0,2.044544,2.0
840.0,1160.0,3.5971777,4.0
1164.0,876.0,1.9906657,2.0
191.0,1907.0,2.176467,4.0
1383.0,1374.0,2.0239744,2.0
1808.0,2009.0,2.6564317,2.0
940.0,1248.0,2.310032,3.0
1249.0,1677.0,1.8631618,2.0
1647.0,1666.0,4.215296,4.0
835.0,1178.0,2.1833405,2.0
94.0,1794.0,3.3901737,2.0
159.0,1121.0,2.0995283,2.0
151.0,240.0,4.467896,4.0
1175.0,797.0,2.263083,2.0
193.0,1053.0,2.227376,2.0
206.0,85.0,2.1663847,2.0
1812.0,1794.0,2.3871393,3.0
1012.0,883.0,4.0699067,3.0
1677.0,1058.0,2.3559606,3.0
193.0,1158.0,1.8864639,3.0
1189.0,1121.0,1.9307091,2.0
2043.0,206.0,2.0813143,2.0
176.0,1742.0,2.2581391,4.0
1041.0,57.0,2.317937,2.0
1866.0,635.0,2.0529218,2.0
1749.0,1845.0,2.7045407,4.0
1171.0,206.0,3.1709676,2.0
1807.0,2028.0,3.5237532,7.0
279.0,1981.0,3.089435,2.0
1859.0,899.0,1.877886,3.0
892.0,1901.0,3.0361247,3.0
76.0,206.0,3.2023115,2.0
89.0,105.0,2.2956543,2.0
237.0,500.0,2.5839796,6.0
883.0,1915.0,6.992374,10.0
297.0,134.0,1.9369621,2.0
835.0,1117.0,2.1576943,2.0
1984.0,1910.0,2.7280936,3.0
1838.0,2063.0,4.6895714,4.0
849.0,835.0,3.4091628,2.0
194.0,1820.0,2.247347,3.0
16.0,425.0,2.9777565,3.0
1308.0,1771.0,2.6426513,2.0
1728.0,253.0,1.882377,2.0
2036.0,1267.0,2.1479151,2.0
1984.0,1278.0,2.1596346,3.0
1562.0,1444.0,2.2815065,2.0
809.0,1152.0,2.8653302,3.0
1852.0,7.0,2.8664954,2.0
1850.0,1015.0,1.9859766,2.0
433.0,191.0,3.2819085,6.0
11.0,707.0,1.9805547,2.0
29.0,437.0,1.9161512,2.0
1421.0,89.0,1.8958416,2.0
240.0,1231.0,2.5065012,2.0
1611.0,1961.0,2.009175,2.0
1852.0,1562.0,6.0923967,5.0
1139.0,1969.0,1.8423424,2.0
112.0,240.0,2.7851973,2.0
2002.0,2003.0,2.3300917,4.0
155.0,1189.0,2.154808,2.0
1858.0,1807.0,2.656382,2.0
1133.0,1953.0,17.124058,14.0
12.0,1666.0,2.3890393,3.0
774.0,280.0,2.1143968,2.0
140.0,896.0,4.354455,3.0
529.0,1869.0,2.333827,2.0
1010.0,1260.0,2.4543996,5.0
155.0,1130.0,2.1376708,2.0
191.0,194.0,18.876863,29.0
1286.0,1287.0,3.695621,2.0
850.0,1981.0,3.47397,2.0
1838.0,823.0,2.4098902,2.0
883.0,1251.0,6.017144,11.0
822.0,109.0,2.3669527,2.0
1136.0,813.0,2.4898448,2.0
1825.0,2060.0,3.0126867,2.0
106.0,410.0,2.630467,4.0
166.0,145.0,4.583709,10.0
1894.0,1003.0,2.0005434,2.0
1820.0,449.0,2.924364,4.0
1148.0,1122.0,2.2036684,2.0
1278.0,940.0,5.577356,9.0
1603.0,1112.0,3.5505037,2.0
191.0,1422.0,2.1165957,2.0
1562.0,843.0,2.448228,2.0
994.0,1020.0,2.4273357,2.0
1248.0,1043.0,3.3172758,5.0
237.0,1429.0,4.31709,9.0
1121.0,166.0,2.854616,2.0
892.0,1836.0,2.1072948,2.0
2011.0,888.0,3.0077229,5.0
147.0,239.0,2.2688508,3.0
4.0,773.0,2.0288615,2.0
1825.0,2063.0,2.4365616,2.0
1562.0,14.0,15.928165,17.0
297.0,1757.0,2.4458897,2.0
1066.0,888.0,2.0766869,2.0
1993.0,1043.0,2.2206886,2.0
1816.0,791.0,3.7618299,2.0
194.0,1112.0,1.9262658,2.0
1134.0,1646.0,1.8370892,2.0
1316.0,1832.0,2.5227776,3.0
68.0,1780.0,1.9274795,2.0
1115.0,863.0,2.1873908,2.0
856.0,838.0,3.0248466,2.0
898.0,1847.0,2.7221613,3.0
1747.0,2009.0,2.4740522,4.0
529.0,1872.0,2.700286,3.0
1807.0,1984.0,2.1633916,4.0
1007.0,1747.0,3.185948,3.0
121.0,1807.0,5.3932476,3.0
896.0,1046.0,2.2582793,2.0
193.0,1930.0,2.3044486,3.0
2018.0,1878.0,2.948414,3.0
509.0,57.0,2.3959672,3.0
624.0,489.0,1.958193,2.0
1572.0,176.0,2.6668139,5.0
222.0,1730.0,2.1810784,2.0
2.0,1668.0,3.6784947,2.0
1167.0,1113.0,2.2452688,2.0
42.0,194.0,2.1471334,3.0
1910.0,1749.0,2.3790743,2.0
1869.0,1325.0,2.0715585,2.0
1369.0,191.0,4.3561716,3.0
1899.0,2046.0,2.3444257,2.0
849.0,1586.0,1.7917129,2.0
899.0,2019.0,2.6027477,2.0
2011.0,1749.0,5.3740454,10.0
940.0,954.0,4.1189365,4.0
820.0,1832.0,2.2828906,2.0
1820.0,438.0,2.270838,3.0
1791.0,1794.0,2.0833404,2.0
149.0,1184.0,2.2827902,3.0
1785.0,1820.0,2.4583042,2.0
631.0,1861.0,2.2045465,3.0
1283.0,2054.0,2.2513747,3.0
1261.0,914.0,2.2383397,2.0
194.0,1355.0,4.269922,4.0
2002.0,1996.0,2.095077,2.0
1270.0,1047.0,1.895009,2.0
850.0,560.0,3.0789437,3.0
1892.0,233.0,2.2163954,2.0
1899.0,744.0,2.3522766,2.0
1008.0,898.0,2.5402606,3.0
931.0,578.0,2.0040379,2.0
107.0,1134.0,2.2923088,2.0
2011.0,1894.0,2.3771238,4.0
1292.0,1306.0,1.9344802,2.0
469.0,1948.0,2.7733445,6.0
1807.0,1270.0,11.234723,25.0
1025.0,991.0,2.5930176,2.0
825.0,797.0,3.9348483,7.0
1838.0,585.0,2.9132323,3.0
93.0,1978.0,4.2472215,7.0
1847.0,903.0,5.9334965,10.0
556.0,555.0,2.2089272,2.0
156.0,1195.0,3.2582335,3.0
921.0,1027.0,2.1558442,2.0
320.0,101.0,2.0602841,2.0
1208.0,1272.0,3.0591807,3.0
500.0,1007.0,2.1881795,2.0
1930.0,1456.0,2.1678023,2.0
2055.0,1852.0,2.306699,2.0
121.0,2027.0,4.182042,4.0
954.0,2014.0,2.208645,3.0
13.0,1341.0,2.3895092,3.0
1195.0,240.0,3.1764197,3.0
1260.0,1016.0,2.6794453,2.0
1825.0,930.0,2.068717,2.0
843.0,880.0,2.3141408,2.0
830.0,469.0,3.5856347,3.0
1930.0,1421.0,2.1310325,3.0
1591.0,1825.0,2.4538887,3.0
360.0,659.0,2.270185,3.0
178.0,1696.0,2.037411,2.0
1820.0,1789.0,2.9379115,2.0
1154.0,206.0,3.8304334,3.0
1737.0,1511.0,2.089663,2.0
176.0,1666.0,13.480488,17.0
529.0,1826.0,2.0763388,3.0
906.0,1846.0,2.9963617,3.0
1224.0,491.0,2.061758,2.0
137.0,1173.0,3.0632095,2.0
1284.0,1748.0,3.9466946,5.0
1133.0,829.0,2.45767,2.0
155.0,402.0,3.1606088,3.0
1188.0,139.0,2.3481631,2.0
155.0,1234.0,3.5401886,2.0
700.0,1214.0,1.8649094,2.0
520.0,529.0,2.637826,3.0
2009.0,1834.0,2.4408133,3.0
2011.0,1922.0,5.67138,5.0
1892.0,779.0,2.1577647,2.0
2046.0,1899.0,2.2496343,2.0
1984.0,905.0,3.2085042,6.0
862.0,1948.0,2.4988232,4.0
2035.0,1412.0,2.0115209,2.0
207.0,1307.0,2.2146595,2.0
1611.0,1832.0,3.6831543,4.0
578.0,1871.0,1.9230878,2.0
825.0,835.0,3.327311,6.0
1858.0,1278.0,2.5598187,2.0
469.0,813.0,6.6892533,7.0
1562.0,1572.0,5.580918,6.0
1046.0,1045.0,3.2446713,2.0
555.0,1508.0,2.1353142,2.0
520.0,892.0,1.9560115,2.0
1572.0,5.0,4.5429983,7.0
1562.0,1825.0,3.3601384,8.0
844.0,1147.0,2.2303107,2.0
411.0,737.0,3.1737413,4.0
1139.0,469.0,3.9031467,4.0
828.0,1152.0,3.3092446,3.0
1999.0,1807.0,2.3167133,2.0
18.0,176.0,5.3834743,7.0
155.0,1319.0,2.7946997,3.0
1132.0,1953.0,2.707732,4.0
127.0,139.0,2.2693744,2.0
433.0,1784.0,2.5437636,3.0
954.0,1880.0,2.3913774,3.0
574.0,555.0,2.099988,2.0
1261.0,991.0,3.4696426,2.0
435.0,61.0,1.9950593,2.0
2011.0,1430.0,2.133797,2.0
297.0,666.0,2.0270422,3.0
17.0,15.0,2.6057818,2.0
1008.0,1915.0,5.3533354,2.0
855.0,159.0,3.043662,5.0
1611.0,557.0,2.6673524,3.0
2001.0,2019.0,2.117271,2.0
491.0,206.0,3.884851,5.0
835.0,1610.0,2.4515624,2.0
1646.0,477.0,2.5553594,2.0
1043.0,1850.0,2.6920314,4.0
2030.0,1897.0,2.1631444,2.0
176.0,17.0,2.694339,2.0
1611.0,284.0,2.2917333,2.0
920.0,843.0,2.1908345,2.0
1899.0,927.0,1.9906306,2.0
1772.0,382.0,2.28204,2.0
2010.0,1278.0,3.6980243,2.0
245.0,155.0,2.6062307,5.0
1861.0,1254.0,2.87965,2.0
194.0,1446.0,2.4539847,2.0
1878.0,1286.0,2.4029212,4.0
1838.0,1877.0,1.8006549,2.0
7.0,18.0,2.3003507,2.0
1807.0,1409.0,1.9571888,2.0
833.0,1133.0,2.9999921,2.0
1581.0,790.0,6.8238635,13.0
518.0,1869.0,2.1491778,3.0
7.0,1644.0,2.617586,3.0
441.0,1837.0,1.9735978,2.0
57.0,3.0,2.287669,4.0
1764.0,88.0,2.4998012,2.0
928.0,509.0,2.1748939,2.0
151.0,1180.0,2.5884798,4.0
1838.0,1607.0,4.9719877,2.0
1677.0,1062.0,2.0637026,2.0
279.0,1576.0,2.1759186,2.0
57.0,1571.0,2.0676,2.0
2018.0,1847.0,2.5921135,5.0
797.0,810.0,3.2868843,4.0
1167.0,809.0,3.104845,4.0
1825.0,273.0,2.159941,2.0
1127.0,1968.0,2.6299648,4.0
1820.0,525.0,2.3973107,2.0
1278.0,1925.0,3.1686723,4.0
1177.0,160.0,2.6687407,3.0
1600.0,1111.0,3.1879177,5.0
892.0,1255.0,2.2519312,4.0
469.0,1170.0,3.1666756,2.0
700.0,2036.0,2.4685235,2.0
1968.0,1083.0,1.8137873,2.0
1058.0,558.0,1.7061902,2.0
1847.0,1191.0,2.09074,3.0
1838.0,1044.0,1.8548126,2.0
1789.0,1020.0,3.9275057,2.0
1838.0,54.0,2.050018,2.0
1045.0,1915.0,2.0622885,2.0
1941.0,1956.0,2.0676937,2.0
1066.0,2009.0,2.16508,2.0
1981.0,790.0,2.615256,3.0
1603.0,1111.0,2.9191518,4.0
882.0,1858.0,2.1107361,2.0
797.0,284.0,3.287875,3.0
193.0,2081.0,2.6556463,2.0
1787.0,773.0,2.0901175,3.0
892.0,890.0,2.800247,2.0
906.0,958.0,2.1837087,2.0
1915.0,1747.0,3.0825582,3.0
773.0,473.0,2.1446893,2.0
1167.0,1175.0,2.466356,2.0
57.0,425.0,2.122156,2.0
843.0,825.0,3.2341797,5.0
1044.0,1807.0,2.9296439,3.0
1119.0,732.0,1.8999708,2.0
676.0,1861.0,2.6116333,2.0
1010.0,2000.0,2.749333,4.0
1861.0,1272.0,13.358736,18.0
780.0,1892.0,3.5133672,2.0
1981.0,108.0,2.1687508,2.0
871.0,1607.0,2.9631019,2.0
191.0,1902.0,3.6621258,4.0
1248.0,908.0,2.230553,2.0
1930.0,780.0,3.3882835,7.0
192.0,1355.0,2.0046194,2.0
555.0,587.0,2.0887837,2.0
402.0,1196.0,2.197901,2.0
892.0,2032.0,2.1254945,2.0
194.0,1264.0,2.0604315,2.0
1573.0,1666.0,3.2761092,2.0
1806.0,283.0,2.4848533,2.0
1562.0,284.0,5.3411784,3.0
240.0,135.0,2.2030463,4.0
1847.0,902.0,3.5073066,2.0
1832.0,790.0,2.5195835,5.0
828.0,1.0,1.9735177,2.0
1254.0,361.0,2.2497485,2.0
585.0,596.0,2.1884975,2.0
905.0,2025.0,2.08629,2.0
748.0,1848.0,1.9519215,2.0
1177.0,207.0,3.8431058,2.0
1262.0,2024.0,2.0645952,2.0
1562.0,1575.0,3.2728896,2.0
206.0,1130.0,5.652751,3.0
222.0,453.0,2.279626,2.0
1893.0,1901.0,2.3513587,4.0
883.0,1858.0,5.102147,6.0
849.0,1581.0,1.9781158,3.0
1049.0,2006.0,2.3167498,2.0
1016.0,193.0,2.454177,3.0
1266.0,118.0,3.0849643,2.0
892.0,891.0,3.2963696,3.0
1170.0,1953.0,4.3720026,4.0
206.0,77.0,3.6717753,2.0
1852.0,485.0,3.8250954,5.0
1862.0,1924.0,2.3640153,2.0
167.0,1844.0,1.7387817,2.0
1569.0,1571.0,3.527302,4.0
808.0,833.0,2.7366962,2.0
167.0,2025.0,2.4881034,2.0
1998.0,892.0,2.592956,3.0
140.0,1747.0,1.9979948,2.0
1018.0,1885.0,2.2563972,2.0
892.0,902.0,2.4164915,2.0
1248.0,1018.0,2.3616638,2.0
774.0,905.0,1.6263559,2.0
364.0,106.0,2.6635447,3.0
828.0,856.0,8.051117,9.0
797.0,487.0,2.2103467,2.0
1568.0,1670.0,2.6565084,3.0
769.0,1562.0,2.0705066,2.0
913.0,1249.0,2.1427674,2.0
222.0,909.0,1.7877808,2.0
732.0,165.0,1.9538078,2.0
1061.0,1062.0,2.4641595,2.0
1838.0,837.0,2.065302,2.0
828.0,143.0,1.9845576,2.0
1666.0,1646.0,3.726778,10.0
1167.0,469.0,3.4671278,3.0
1646.0,1793.0,2.1644998,2.0
1043.0,898.0,2.0811944,4.0
856.0,557.0,3.326736,3.0
1838.0,362.0,1.981524,3.0
1849.0,191.0,2.2710881,2.0
425.0,447.0,2.2399936,3.0
1930.0,193.0,2.8341343,8.0
774.0,506.0,2.9235687,3.0
1837.0,1981.0,2.9476862,3.0
797.0,789.0,3.143336,4.0
151.0,1224.0,3.4521284,8.0
1838.0,1832.0,3.9088998,4.0
1801.0,301.0,1.8415396,2.0
1941.0,1949.0,2.1248448,4.0
2000.0,2014.0,2.240716,3.0
1901.0,906.0,2.903964,4.0
1850.0,1044.0,5.145133,5.0
2011.0,2020.0,2.7841053,3.0
112.0,809.0,4.058295,3.0
1815.0,1580.0,2.2355864,2.0
379.0,1772.0,2.0829785,2.0
193.0,2006.0,2.4036808,3.0
1747.0,1044.0,2.909057,6.0
856.0,1112.0,10.746143,6.0
1124.0,206.0,2.8023045,4.0
879.0,988.0,2.0863993,2.0
1058.0,1593.0,2.1983137,2.0
122.0,791.0,3.5218887,2.0
193.0,1783.0,8.117877,14.0
587.0,1133.0,2.5564418,2.0
1511.0,1539.0,2.1489606,2.0
2021.0,772.0,1.7828546,2.0
1608.0,1779.0,2.3433533,3.0
1696.0,57.0,3.365257,5.0
1872.0,222.0,2.6993737,2.0
2011.0,1012.0,3.4700665,2.0
1655.0,401.0,1.9945984,3.0
1847.0,1938.0,1.932904,2.0
954.0,883.0,26.835173,47.0
1134.0,122.0,2.102839,2.0
1179.0,1789.0,2.550996,2.0
2009.0,2011.0,18.114109,10.0
1571.0,4.0,5.947459,5.0
469.0,1832.0,7.073108,12.0
57.0,1981.0,2.114503,2.0
1779.0,57.0,2.5203211,2.0
1008.0,1925.0,2.9805284,3.0
1267.0,174.0,1.9686675,2.0
956.0,1286.0,4.250931,2.0
856.0,159.0,7.929691,12.0
656.0,664.0,2.126659,3.0
1850.0,1998.0,3.2072525,3.0
15.0,1328.0,2.5680022,2.0
597.0,1436.0,1.8372245,2.0
843.0,804.0,3.6388783,4.0
930.0,1715.0,2.126449,2.0
1164.0,845.0,2.7515955,3.0
762.0,965.0,2.1103976,2.0
2011.0,940.0,5.0170026,2.0
1058.0,193.0,4.6937256,3.0
657.0,174.0,2.0429218,2.0
1949.0,1958.0,2.4939716,2.0
1870.0,778.0,2.0296664,2.0
955.0,954.0,4.2637734,7.0
1177.0,150.0,2.084866,2.0
676.0,1184.0,1.9481305,2.0
193.0,57.0,5.170473,32.0
1973.0,1832.0,3.8631945,6.0
1206.0,139.0,2.4095516,2.0
1892.0,1930.0,2.0406723,2.0
1838.0,1716.0,2.0507288,2.0
859.0,857.0,2.6890023,3.0
1789.0,1011.0,2.0610738,2.0
207.0,342.0,2.2883,2.0
1893.0,1878.0,4.83578,6.0
348.0,1259.0,2.092627,3.0
1680.0,1274.0,1.8484602,2.0
613.0,1872.0,2.0500767,2.0
931.0,614.0,1.9873614,2.0
1130.0,1119.0,2.2976792,2.0
1748.0,2028.0,2.3853142,2.0
835.0,159.0,5.2526464,7.0
1260.0,998.0,1.9390014,2.0
1815.0,1812.0,4.131937,7.0
1750.0,1923.0,2.4361665,2.0
660.0,346.0,1.9831204,2.0
899.0,1984.0,2.104268,2.0
2055.0,1.0,1.9791691,2.0
66.0,5.0,1.977278,2.0
207.0,110.0,3.0790591,3.0
4.0,780.0,2.155748,2.0
1058.0,1733.0,2.9787307,2.0
361.0,140.0,2.0977862,2.0
159.0,1160.0,2.841359,2.0
206.0,397.0,2.1753871,2.0
1430.0,237.0,2.1460114,2.0
1742.0,1838.0,2.0690024,2.0
2009.0,906.0,2.6827564,2.0
14.0,1664.0,3.5879917,2.0
1808.0,1016.0,1.7273037,2.0
509.0,1930.0,2.3878202,3.0
1883.0,885.0,2.0352826,2.0
584.0,16.0,1.9729875,2.0
147.0,1219.0,2.2387395,2.0
176.0,503.0,2.952457,2.0
1616.0,392.0,1.9779885,2.0
433.0,1902.0,2.2908688,3.0
206.0,1838.0,3.1980407,3.0
500.0,57.0,2.9086895,3.0
1984.0,1880.0,2.6479447,2.0
1835.0,140.0,2.4060988,2.0
1825.0,571.0,2.2198887,2.0
1820.0,1872.0,2.4322338,3.0
664.0,660.0,2.3844132,2.0
260.0,273.0,2.0190485,2.0
1224.0,1233.0,2.9807026,2.0
926.0,1771.0,1.944951,2.0
1173.0,1956.0,7.994255,8.0
1008.0,954.0,3.4861887,3.0
1812.0,283.0,3.275373,5.0
1133.0,112.0,2.07584,2.0
1960.0,1959.0,3.6516213,4.0
1061.0,1003.0,2.6839554,3.0
813.0,204.0,2.7689342,5.0
206.0,1154.0,3.7396655,3.0
2036.0,994.0,2.7971954,2.0
1284.0,2011.0,2.4935904,2.0
994.0,1023.0,2.2234588,2.0
1893.0,741.0,2.190247,3.0
854.0,813.0,2.6386862,2.0
1257.0,1936.0,1.9999979,2.0
485.0,506.0,2.1042953,2.0
1960.0,1958.0,3.7170177,3.0
843.0,1647.0,2.092785,2.0
939.0,1845.0,2.2710185,6.0
1211.0,1318.0,2.9180918,2.0
1915.0,57.0,4.029949,7.0
207.0,643.0,2.9385805,2.0
1261.0,917.0,2.415183,2.0
1838.0,1825.0,3.8303485,3.0
120.0,1252.0,2.0507648,2.0
797.0,1805.0,2.556385,2.0
5.0,1568.0,2.2334518,3.0
1953.0,843.0,3.6728702,2.0
1877.0,1783.0,2.6071568,4.0
585.0,1734.0,2.1217942,2.0
1859.0,1047.0,2.10469,5.0
1812.0,1805.0,2.8404653,2.0
1309.0,96.0,2.270696,3.0
492.0,1606.0,2.3471298,2.0
1960.0,1949.0,2.4452739,3.0
573.0,1794.0,1.9752455,2.0
207.0,1156.0,3.8487763,3.0
883.0,2007.0,2.9499948,2.0
240.0,1235.0,2.788754,3.0
813.0,856.0,2.324067,2.0
803.0,873.0,2.3343194,2.0
529.0,473.0,2.024908,2.0
1177.0,1181.0,2.0746856,2.0
700.0,1230.0,1.7932687,3.0
724.0,1838.0,2.0654922,2.0
1061.0,780.0,2.3899536,2.0
1027.0,1022.0,2.6141238,2.0
155.0,137.0,2.9434829,5.0
1666.0,1816.0,3.1966684,5.0
129.0,1694.0,1.7298527,2.0
1144.0,21.0,1.8956027,2.0
823.0,1611.0,2.1054053,2.0
240.0,1779.0,2.9673672,4.0
813.0,159.0,4.951007,9.0
894.0,2050.0,1.8444283,2.0
1611.0,832.0,2.567443,2.0
1751.0,2004.0,2.3228512,2.0
156.0,138.0,2.2213838,2.0
410.0,294.0,2.205229,3.0
150.0,166.0,2.195659,3.0
883.0,1910.0,3.4090059,2.0
198.0,57.0,2.3987656,2.0
1848.0,1747.0,2.9315662,3.0
1192.0,1225.0,2.7876024,2.0
994.0,1789.0,2.7297769,2.0
1562.0,16.0,8.585199,9.0
883.0,2028.0,3.9265306,4.0
1642.0,57.0,2.2277617,2.0
2036.0,745.0,2.3012815,2.0
850.0,1316.0,2.111433,2.0
1669.0,0.0,2.9393864,4.0
364.0,357.0,3.1798286,2.0
450.0,1794.0,1.9203775,2.0
888.0,1749.0,4.0212927,7.0
1133.0,1139.0,3.5235016,4.0
850.0,283.0,3.841707,5.0
1952.0,203.0,2.087605,2.0
15.0,273.0,1.9506104,2.0
1871.0,1848.0,1.9025106,2.0
1591.0,1872.0,2.1182837,2.0
1172.0,203.0,2.064129,2.0
94.0,563.0,1.8241153,2.0
361.0,292.0,3.5124917,3.0
700.0,194.0,2.476629,3.0
808.0,1953.0,3.3810542,3.0
2000.0,1885.0,2.3232217,3.0
1838.0,1672.0,3.546001,4.0
1834.0,1925.0,1.9770404,2.0
1259.0,1272.0,11.562197,8.0
801.0,1112.0,2.0966864,2.0
826.0,262.0,2.064048,2.0
1753.0,1413.0,1.9337649,2.0
1015.0,2017.0,2.0804262,2.0
1859.0,1885.0,1.9638854,3.0
1947.0,1022.0,1.7379351,2.0
1286.0,1834.0,4.8446636,4.0
896.0,169.0,2.4196067,2.0
1158.0,191.0,2.1096978,2.0
1958.0,1957.0,2.8308058,2.0
159.0,157.0,3.8374543,5.0
2009.0,1807.0,3.3000245,11.0
1825.0,62.0,2.0626965,2.0
1962.0,1960.0,2.424063,2.0
433.0,454.0,2.4325702,2.0
412.0,1216.0,2.1135964,3.0
876.0,482.0,2.1137712,2.0
808.0,1981.0,2.7558894,2.0
1150.0,114.0,2.33689,3.0
1847.0,1862.0,3.9345114,4.0
1953.0,1134.0,6.8068953,4.0
1670.0,1646.0,2.922031,3.0
1924.0,1046.0,2.3453183,2.0
140.0,463.0,1.9058882,2.0
1296.0,1298.0,2.0620093,2.0
1593.0,610.0,2.2291112,2.0
267.0,191.0,1.9528611,2.0
140.0,1065.0,2.7637076,2.0
150.0,239.0,2.4172754,2.0
193.0,222.0,2.5094266,2.0
1812.0,794.0,2.632818,4.0
1571.0,16.0,3.7400532,3.0
45.0,1733.0,2.0971818,2.0
1646.0,2.0,2.2218394,2.0
701.0,1261.0,2.084246,2.0
724.0,240.0,2.1501284,2.0
1121.0,145.0,4.0219874,3.0
1878.0,1897.0,2.4205327,2.0
1850.0,1995.0,2.537018,2.0
1152.0,1140.0,2.2765656,2.0
1261.0,1909.0,2.0229883,2.0
411.0,1216.0,2.6677785,2.0
1562.0,3.0,3.5800562,4.0
1191.0,663.0,1.8472476,2.0
700.0,753.0,2.2185898,2.0
915.0,1894.0,2.1063113,2.0
2036.0,921.0,2.4568858,5.0
658.0,105.0,1.8886417,2.0
455.0,57.0,2.346414,2.0
104.0,1757.0,2.0823374,2.0
512.0,578.0,2.1380653,3.0
1158.0,1978.0,2.5325866,3.0
573.0,1164.0,2.2297776,2.0
492.0,633.0,2.5833564,3.0
1278.0,1283.0,2.2293806,3.0
1214.0,1237.0,1.913757,2.0
1010.0,1017.0,2.8096113,4.0
883.0,1845.0,9.107855,16.0
1027.0,1906.0,2.5597887,3.0
2000.0,1901.0,2.692278,2.0
854.0,557.0,2.447378,2.0
1607.0,1121.0,2.9718623,4.0
1134.0,843.0,2.530559,2.0
1982.0,1158.0,2.0235627,2.0
1061.0,1039.0,2.570292,3.0
843.0,1117.0,2.1588748,3.0
193.0,1933.0,2.8369942,2.0
194.0,1370.0,4.551466,7.0
1981.0,1515.0,1.8804641,2.0
1270.0,1271.0,3.0653276,6.0
1195.0,1204.0,2.4656692,2.0
1344.0,411.0,1.9665583,2.0
1771.0,10.0,2.1585484,2.0
193.0,1355.0,4.835518,4.0
512.0,1820.0,3.813059,6.0
1978.0,1569.0,3.633255,2.0
899.0,2011.0,2.4429376,3.0
2025.0,2042.0,2.1276848,2.0
1863.0,1269.0,1.9585704,2.0
842.0,835.0,2.0654316,2.0
204.0,1109.0,2.929412,3.0
673.0,660.0,2.6738834,4.0
1862.0,1046.0,4.8439503,4.0
509.0,532.0,2.2574904,2.0
717.0,1868.0,2.2148354,4.0
1893.0,1922.0,2.1357965,3.0
2025.0,1779.0,3.1694684,3.0
401.0,1617.0,2.5294209,3.0
2041.0,1899.0,2.9778929,3.0
903.0,1018.0,2.4568172,2.0
1127.0,1779.0,2.5859346,2.0
492.0,1130.0,4.066634,3.0
1216.0,1200.0,2.1137176,2.0
1010.0,700.0,2.066995,3.0
902.0,1861.0,2.6321337,3.0
33.0,1204.0,1.957066,2.0
1850.0,1993.0,2.5454917,3.0
145.0,166.0,3.8627038,5.0
145.0,836.0,1.9962907,2.0
698.0,1635.0,2.0823636,2.0
240.0,1150.0,2.039689,2.0
159.0,851.0,2.6867127,2.0
1068.0,2009.0,2.349368,2.0
955.0,940.0,3.2741249,3.0
1995.0,1850.0,2.2451293,2.0
1189.0,411.0,2.2984498,2.0
1769.0,633.0,2.060318,2.0
1968.0,1131.0,2.6236258,2.0
149.0,115.0,2.0132995,2.0
1131.0,1121.0,2.427819,2.0
16.0,1919.0,2.2855086,2.0
1160.0,617.0,2.1862116,2.0
109.0,833.0,2.9198704,5.0
782.0,1998.0,2.019174,2.0
518.0,424.0,2.167721,3.0
491.0,1954.0,2.4294584,2.0
1862.0,1259.0,5.4757757,11.0
1838.0,1133.0,4.401314,2.0
12.0,1562.0,2.3224845,3.0
1562.0,1852.0,6.6349316,12.0
492.0,843.0,5.207526,3.0
377.0,1654.0,2.082961,2.0
1018.0,920.0,2.7207584,4.0
1825.0,194.0,2.7863889,2.0
207.0,113.0,3.7322273,2.0
847.0,1158.0,2.115236,2.0
1008.0,1371.0,2.1096346,2.0
956.0,1807.0,2.8364062,5.0
829.0,469.0,4.792035,4.0
480.0,1164.0,2.3623946,3.0
1591.0,573.0,1.9924722,2.0
1611.0,877.0,2.1241765,2.0
1966.0,1121.0,2.229713,3.0
2025.0,921.0,2.3489568,4.0
155.0,343.0,2.8537045,2.0
1852.0,1981.0,3.558215,4.0
828.0,1133.0,21.412022,31.0
1318.0,1214.0,2.303962,3.0
410.0,1654.0,1.9802954,2.0
1261.0,54.0,2.0064406,2.0
1562.0,573.0,2.3954444,4.0
20.0,540.0,1.9232298,2.0
1109.0,109.0,3.5764027,7.0
1133.0,1779.0,3.8645632,2.0
477.0,6.0,3.5407662,6.0
477.0,1571.0,2.1147418,2.0
1109.0,851.0,2.7369547,2.0
1820.0,1447.0,1.9231163,2.0
57.0,909.0,2.1549377,2.0
841.0,1953.0,2.3064115,2.0
1779.0,1773.0,2.066627,2.0
956.0,908.0,2.4095206,2.0
96.0,206.0,2.0637307,2.0
1647.0,1562.0,3.3826656,5.0
1982.0,1973.0,2.3697965,2.0
1608.0,1133.0,2.3955345,2.0
1834.0,883.0,3.4173357,6.0
12.0,14.0,2.9805286,2.0
469.0,1165.0,3.0994587,2.0
1696.0,193.0,8.076133,9.0
1877.0,1994.0,2.2930954,2.0
1145.0,843.0,2.1707478,2.0
1026.0,1025.0,2.1950362,2.0
7.0,1572.0,20.077374,18.0
1160.0,1133.0,5.205219,11.0
203.0,158.0,2.3882866,3.0
1838.0,1788.0,2.199345,3.0
1607.0,1150.0,3.10424,3.0
401.0,411.0,2.7579484,5.0
194.0,233.0,3.5138984,2.0
1204.0,1211.0,3.2120376,3.0
797.0,1837.0,2.5667048,2.0
1133.0,797.0,4.4615784,4.0
89.0,1757.0,3.2994957,3.0
843.0,1947.0,2.2727604,2.0
954.0,2002.0,2.268247,2.0
1010.0,960.0,2.2436879,2.0
456.0,132.0,2.853701,2.0
659.0,144.0,2.2710595,2.0
1170.0,835.0,2.6962194,2.0
1820.0,529.0,4.2572336,2.0
145.0,137.0,3.3753,3.0
111.0,1177.0,2.31883,4.0
732.0,360.0,2.3471255,2.0
237.0,786.0,2.1540642,2.0
1847.0,1893.0,4.246268,3.0
1010.0,892.0,4.109548,4.0
733.0,673.0,2.1045675,2.0
1825.0,1562.0,3.004653,4.0
1849.0,1915.0,2.855928,3.0
1789.0,1894.0,2.1725214,2.0
2026.0,1893.0,2.37884,3.0
1892.0,1784.0,2.9257092,3.0
1838.0,1978.0,2.319763,3.0
321.0,1968.0,1.9836216,3.0
2008.0,1751.0,2.0838492,2.0
433.0,438.0,6.010213,3.0
207.0,1119.0,5.2332726,8.0
1133.0,860.0,2.2657495,4.0
222.0,437.0,2.3228745,2.0
828.0,805.0,4.2756295,5.0
1820.0,1318.0,1.7559497,2.0
1562.0,1854.0,3.5001915,2.0
492.0,1175.0,2.3918347,4.0
1278.0,1047.0,2.547668,3.0
4.0,1917.0,2.154973,2.0
203.0,303.0,1.9162753,2.0
1858.0,1850.0,2.554264,2.0
150.0,151.0,3.397612,4.0
1291.0,361.0,2.3485904,2.0
194.0,1445.0,4.7271566,6.0
1847.0,1749.0,5.4885044,2.0
1121.0,1131.0,3.055184,2.0
1192.0,132.0,3.285842,5.0
469.0,1147.0,6.0045433,3.0
805.0,1942.0,2.077107,3.0
16.0,1647.0,4.2304683,3.0
824.0,843.0,2.3763492,2.0
2011.0,1779.0,3.30349,4.0
1259.0,903.0,5.5045915,7.0
1945.0,850.0,2.487196,2.0
151.0,1205.0,2.3672361,2.0
1953.0,838.0,2.5515373,5.0
17.0,1920.0,2.1033893,2.0
835.0,1962.0,2.0632787,2.0
529.0,1320.0,2.0488074,2.0
166.0,128.0,3.7810812,4.0
411.0,738.0,2.8773067,2.0
1789.0,991.0,4.724826,8.0
529.0,520.0,3.013596,4.0
993.0,994.0,2.1847155,4.0
1837.0,280.0,2.5280304,2.0
2000.0,2001.0,2.874146,2.0
1984.0,2011.0,3.174695,3.0
552.0,272.0,2.0108786,2.0
2058.0,1027.0,2.3035278,2.0
1129.0,1114.0,2.0969849,2.0
835.0,1149.0,2.4210773,3.0
14.0,1562.0,8.937487,11.0
198.0,22.0,2.2493503,2.0
774.0,17.0,1.9806755,2.0
813.0,1164.0,2.4755795,2.0
360.0,1019.0,1.7990775,2.0
1847.0,1259.0,7.5577364,7.0
797.0,820.0,2.3738472,4.0
835.0,93.0,2.3438103,5.0
76.0,1124.0,3.5935104,6.0
1568.0,15.0,6.286758,5.0
2011.0,2053.0,3.0240226,2.0
167.0,673.0,2.105511,2.0
1878.0,1266.0,1.9359291,2.0
916.0,1261.0,2.586871,3.0
487.0,176.0,2.736249,5.0
2000.0,1010.0,2.8031,3.0
4.0,1666.0,4.0223484,6.0
13.0,7.0,5.0978727,5.0
129.0,456.0,2.4566774,3.0
1302.0,1224.0,2.0566566,2.0
2009.0,1754.0,2.8027735,3.0
176.0,1670.0,2.417525,3.0
7.0,1920.0,2.2755103,3.0
1758.0,1668.0,1.8952956,2.0
664.0,1233.0,2.0306568,2.0
1134.0,1109.0,8.407279,6.0
150.0,1204.0,3.0376673,2.0
826.0,1158.0,3.5227215,6.0
1160.0,1134.0,3.1381223,2.0
673.0,1230.0,2.5183141,2.0
770.0,573.0,2.0633707,2.0
89.0,99.0,2.771675,2.0
1794.0,1646.0,3.1268826,2.0
1284.0,1276.0,2.1430414,2.0
841.0,1838.0,2.360952,2.0
1571.0,1920.0,2.7140608,2.0
320.0,1864.0,2.2558682,2.0
207.0,868.0,2.828177,2.0
814.0,813.0,2.72057,4.0
14.0,1794.0,3.4298272,2.0
1692.0,1493.0,1.930788,2.0
956.0,1248.0,2.2166772,3.0
451.0,191.0,2.1470509,2.0
924.0,1404.0,1.9547347,2.0
1043.0,1008.0,4.9944677,12.0
401.0,377.0,2.6061025,3.0
1636.0,1755.0,2.1166046,2.0
923.0,1249.0,1.9168873,2.0
194.0,1426.0,2.2353687,4.0
132.0,1183.0,3.4900472,2.0
2019.0,2025.0,2.972074,4.0
1699.0,1560.0,1.8736773,2.0
1412.0,1909.0,2.0589547,2.0
883.0,909.0,3.6238265,2.0
955.0,2011.0,3.182698,2.0
830.0,620.0,2.0060782,2.0
1772.0,361.0,2.005337,2.0
793.0,132.0,1.989476,2.0
155.0,145.0,5.3283296,11.0
402.0,150.0,2.6986308,2.0
844.0,1144.0,2.2413888,2.0
1014.0,999.0,1.9537607,2.0
438.0,1872.0,2.1794999,2.0
954.0,1269.0,2.0948386,2.0
1188.0,1224.0,2.98846,2.0
849.0,108.0,3.896949,2.0
1893.0,167.0,3.2264435,3.0
1271.0,1834.0,3.7377093,3.0
492.0,207.0,10.242689,21.0
2055.0,176.0,4.592006,7.0
1897.0,1847.0,3.1445143,2.0
892.0,1260.0,2.7450514,2.0
297.0,89.0,2.8502722,2.0
140.0,1045.0,2.266746,2.0
2047.0,2052.0,2.1936226,2.0
68.0,1965.0,1.8484635,2.0
469.0,157.0,3.494337,2.0
1832.0,283.0,3.7022638,2.0
1170.0,1111.0,2.4741817,2.0
1160.0,204.0,3.310083,3.0
1294.0,81.0,2.007956,2.0
1308.0,364.0,3.142214,3.0
2011.0,907.0,2.5976505,2.0
110.0,1124.0,2.1195498,2.0
1889.0,1872.0,2.0947578,2.0
1893.0,1121.0,1.915427,2.0
885.0,64.0,1.8751916,2.0
1167.0,1149.0,1.9999082,2.0
1753.0,1749.0,3.1822221,3.0
1849.0,1044.0,2.9430294,3.0
89.0,411.0,2.8707163,5.0
1861.0,674.0,2.27666,2.0
1445.0,1444.0,2.3380651,2.0
1018.0,1670.0,1.6348517,2.0
883.0,2025.0,5.9147687,3.0
1008.0,999.0,4.77668,2.0
773.0,1779.0,2.2418091,2.0
1738.0,555.0,2.3630476,4.0
193.0,1882.0,2.0226426,2.0
843.0,158.0,3.450668,4.0
844.0,578.0,2.0430536,3.0
1164.0,280.0,2.1582747,2.0
1146.0,1961.0,3.3394856,4.0
1175.0,150.0,2.0406165,2.0
28.0,1061.0,2.2127566,2.0
1259.0,1893.0,3.188878,9.0
1336.0,1444.0,2.017241,2.0
844.0,1150.0,2.271638,2.0
198.0,1039.0,2.3711438,3.0
2011.0,194.0,5.752775,5.0
364.0,1864.0,2.3632135,2.0
1568.0,12.0,3.164766,2.0
194.0,1930.0,2.3219378,3.0
1562.0,498.0,3.5843415,4.0
2011.0,742.0,2.0550337,2.0
1568.0,1316.0,7.181033,3.0
89.0,1759.0,2.4120562,3.0
1923.0,1861.0,4.2353215,2.0
1018.0,2035.0,3.0831335,6.0
1847.0,2011.0,3.3542929,4.0
1838.0,1272.0,2.0154095,2.0
1018.0,1894.0,2.979831,6.0
112.0,206.0,6.256645,7.0
826.0,1811.0,2.2291741,2.0
836.0,856.0,2.2182808,2.0
1139.0,797.0,3.1333208,4.0
927.0,395.0,1.9126117,2.0
692.0,915.0,2.0438926,2.0
810.0,812.0,2.2610054,2.0
665.0,360.0,2.3446498,2.0
489.0,477.0,1.9433994,2.0
1889.0,778.0,3.3895326,3.0
237.0,57.0,3.4868467,5.0
500.0,1008.0,2.5466347,2.0
1016.0,1000.0,1.9805863,2.0
1046.0,904.0,2.4806774,3.0
1276.0,1782.0,1.9503374,2.0
492.0,1119.0,3.2039247,2.0
1327.0,38.0,2.0675516,2.0
1173.0,870.0,2.629735,6.0
1270.0,1748.0,2.6246395,2.0
1943.0,1146.0,4.0490756,4.0
2031.0,1050.0,2.1668344,2.0
1127.0,841.0,2.047686,2.0
1852.0,1837.0,2.4465866,2.0
1837.0,1670.0,2.694621,2.0
469.0,559.0,3.2377276,3.0
773.0,1852.0,2.5582566,3.0
589.0,1018.0,1.926338,2.0
708.0,707.0,2.091954,2.0
1243.0,991.0,2.3483124,3.0
843.0,1134.0,4.076945,6.0
841.0,1964.0,2.5253258,2.0
155.0,1203.0,3.0930724,2.0
106.0,89.0,2.9853716,2.0
1572.0,1568.0,2.25978,7.0
843.0,1167.0,11.364687,13.0
2025.0,1371.0,2.2353263,3.0
1195.0,1957.0,1.9759076,2.0
1057.0,1719.0,2.3814752,3.0
1893.0,1894.0,3.2876585,3.0
828.0,578.0,3.3012927,2.0
14.0,1812.0,1.9181311,2.0
529.0,1039.0,2.2563705,2.0
2011.0,2010.0,7.042793,3.0
1981.0,1576.0,2.7356892,4.0
2028.0,2053.0,3.331777,3.0
1812.0,1158.0,2.4314504,2.0
1925.0,1998.0,2.564664,2.0
994.0,1934.0,2.0926394,2.0
249.0,1825.0,2.0051756,2.0
736.0,348.0,2.0416474,2.0
13.0,487.0,2.0133965,2.0
240.0,147.0,2.8882654,2.0
105.0,292.0,2.0768108,2.0
2011.0,737.0,2.0695753,2.0
1911.0,167.0,2.2117293,3.0
795.0,94.0,2.3374805,3.0
1421.0,1429.0,2.5874557,6.0
1848.0,1007.0,3.5174382,3.0
1820.0,191.0,2.491654,3.0
2000.0,956.0,3.3138046,2.0
738.0,675.0,2.4747124,2.0
828.0,1811.0,3.5823016,5.0
1010.0,1270.0,1.9772702,3.0
1206.0,145.0,3.073333,4.0
1018.0,1415.0,2.3232632,2.0
780.0,455.0,2.8630853,2.0
1160.0,282.0,2.0251663,2.0
1808.0,999.0,3.6149635,4.0
558.0,1978.0,1.9817063,4.0
193.0,2055.0,2.0153785,2.0
1838.0,828.0,4.516502,3.0
1562.0,790.0,3.0934365,2.0
2014.0,2025.0,2.327663,2.0
850.0,856.0,3.1554942,2.0
492.0,809.0,3.3426335,2.0
2011.0,1019.0,2.4333081,2.0
2010.0,1922.0,2.3235707,3.0
1930.0,1445.0,2.6585112,5.0
1136.0,1153.0,2.0076294,2.0
560.0,1810.0,1.9314395,2.0
469.0,2041.0,2.020903,3.0
1954.0,988.0,1.841269,2.0
121.0,1999.0,2.100035,2.0
1825.0,176.0,2.5171788,2.0
433.0,1445.0,4.1192784,4.0
272.0,513.0,2.0089936,2.0
835.0,854.0,3.2904902,3.0
167.0,1046.0,2.4796193,2.0
210.0,193.0,2.0667195,2.0
956.0,2025.0,2.6213207,3.0
206.0,111.0,7.105695,6.0
1175.0,862.0,2.018583,2.0
2025.0,1027.0,2.8197482,2.0
1309.0,327.0,2.4750054,2.0
1284.0,1286.0,4.9242077,4.0
578.0,15.0,2.1498148,3.0
805.0,806.0,2.489398,2.0
1058.0,335.0,2.1289725,2.0
512.0,1501.0,2.1104505,2.0
1941.0,1111.0,2.420387,2.0
1807.0,1285.0,2.3498604,2.0
871.0,1164.0,3.0705843,3.0
1838.0,928.0,2.1023524,2.0
1445.0,1784.0,2.7173984,5.0
206.0,869.0,3.6671903,3.0
1046.0,1254.0,3.613751,2.0
1752.0,2025.0,3.1878042,2.0
509.0,1870.0,2.0097482,2.0
1743.0,503.0,2.2959564,2.0
1304.0,1649.0,2.251466,3.0
1562.0,93.0,5.160022,5.0
1740.0,1421.0,3.2711787,4.0
14.0,1646.0,4.27506,2.0
850.0,1965.0,4.2654676,2.0
673.0,892.0,2.5180182,2.0
1441.0,191.0,3.1020973,3.0
1953.0,1109.0,5.064027,5.0
1611.0,479.0,2.1755023,3.0
1925.0,2000.0,2.1867166,2.0
2006.0,883.0,3.318944,3.0
237.0,194.0,5.0295973,7.0
1531.0,1761.0,1.8714075,2.0
1581.0,1568.0,2.3946652,2.0
1852.0,1576.0,2.1972232,2.0
673.0,1310.0,2.3514266,2.0
176.0,31.0,2.261666,2.0
245.0,1211.0,3.2286863,7.0
1421.0,2011.0,2.5774956,2.0
191.0,182.0,2.738934,2.0
663.0,360.0,2.2460146,2.0
2008.0,2017.0,2.068081,2.0
843.0,1121.0,5.9428654,2.0
1847.0,1779.0,2.586514,5.0
1183.0,456.0,2.0890903,2.0
1895.0,1018.0,2.4135737,2.0
1953.0,1611.0,2.7938437,2.0
849.0,828.0,4.288682,4.0
292.0,1868.0,2.2983441,3.0
991.0,1697.0,2.2202134,2.0
1932.0,778.0,2.2313552,2.0
1954.0,1130.0,2.1463838,2.0
469.0,573.0,2.347383,2.0
194.0,778.0,6.0977473,3.0
483.0,473.0,2.0963662,2.0
194.0,1873.0,7.370742,4.0
2028.0,1285.0,2.2357635,2.0
1003.0,1371.0,2.1466537,2.0
1173.0,1942.0,2.588171,2.0
1872.0,1873.0,2.1019478,4.0
830.0,1973.0,2.1599586,2.0
401.0,1769.0,2.3404555,2.0
16.0,94.0,1.9484389,2.0
469.0,1646.0,2.4602857,2.0
1122.0,850.0,2.3211596,2.0
1284.0,1845.0,2.97208,4.0
1608.0,1124.0,2.1524844,2.0
1136.0,1133.0,4.7437444,3.0
1901.0,1911.0,2.03548,2.0
2011.0,2071.0,2.0710926,2.0
1274.0,1861.0,3.375619,3.0
167.0,1273.0,2.1613004,2.0
193.0,197.0,3.4944544,3.0
880.0,469.0,2.2660122,2.0
1057.0,1035.0,2.4603329,2.0
920.0,1894.0,2.320212,4.0
1793.0,1981.0,2.5725834,2.0
109.0,1981.0,2.551185,4.0
1837.0,1978.0,3.0683603,2.0
1958.0,1956.0,2.5320377,2.0
7.0,1571.0,2.8483703,2.0
1058.0,1028.0,2.5392766,2.0
167.0,1847.0,2.6543012,2.0
802.0,1112.0,2.4901586,4.0
835.0,1812.0,5.500056,5.0
1254.0,1862.0,2.6863976,2.0
1008.0,1845.0,3.086361,4.0
2000.0,1011.0,2.879532,2.0
826.0,810.0,3.325952,2.0
826.0,159.0,3.2561579,2.0
1122.0,75.0,2.9990652,5.0
832.0,847.0,2.308978,2.0
883.0,1044.0,6.8624196,5.0
401.0,371.0,2.6598277,4.0
1016.0,1997.0,2.0329068,2.0
1057.0,1058.0,3.337699,5.0
1832.0,869.0,1.9607208,2.0
522.0,18.0,2.0156357,2.0
1834.0,898.0,2.167647,2.0
940.0,959.0,2.270074,4.0
1248.0,957.0,2.2054842,2.0
1515.0,1737.0,2.1844876,4.0
1607.0,873.0,3.796874,2.0
1068.0,1910.0,2.3141298,3.0
193.0,453.0,3.2165892,2.0
207.0,1169.0,3.760123,3.0
1562.0,1563.0,3.9795313,2.0
1670.0,477.0,3.5321152,2.0
1878.0,167.0,2.748866,4.0
1978.0,113.0,1.7044663,2.0
835.0,1963.0,2.1410885,2.0
1371.0,1782.0,2.3713946,2.0
1892.0,227.0,2.3000488,4.0
828.0,157.0,4.6208825,5.0
140.0,461.0,2.267365,3.0
1391.0,991.0,2.168023,2.0
810.0,1133.0,4.592292,3.0
1138.0,835.0,2.2913969,3.0
431.0,453.0,2.2394493,3.0
191.0,1696.0,2.887944,8.0
1893.0,1286.0,2.7946072,6.0
364.0,1771.0,2.2387524,3.0
892.0,1893.0,3.5231144,6.0
1984.0,883.0,7.0723004,7.0
469.0,616.0,3.0702643,2.0
850.0,481.0,4.143611,4.0
1133.0,832.0,5.024253,3.0
2.0,1647.0,4.6450057,8.0
240.0,1173.0,2.3558736,3.0
1611.0,805.0,4.4612865,4.0
1582.0,1581.0,10.999525,25.0
991.0,1409.0,2.4371269,2.0
1173.0,1959.0,8.962048,8.0
364.0,736.0,2.1140037,2.0
1953.0,557.0,3.502809,5.0
1832.0,94.0,2.1952283,3.0
191.0,1890.0,6.0977883,7.0
1278.0,999.0,3.5862377,5.0
1950.0,206.0,2.9006355,2.0
1278.0,956.0,4.09179,7.0
3.0,2074.0,3.1842022,2.0
2011.0,1068.0,2.502288,2.0
401.0,1124.0,2.1170106,2.0
1820.0,1819.0,3.1298308,2.0
222.0,455.0,2.245501,2.0
103.0,106.0,2.0861437,3.0
1838.0,1145.0,2.09612,2.0
1960.0,1943.0,4.3668256,4.0
1160.0,1942.0,2.1325798,2.0
1205.0,1224.0,2.6519215,2.0
1158.0,823.0,2.4034927,2.0
1136.0,1134.0,2.6678517,4.0
479.0,557.0,2.001602,2.0
930.0,1873.0,1.9358978,2.0
954.0,1915.0,4.1938133,6.0
1147.0,841.0,2.7662373,2.0
2011.0,2007.0,2.6488216,4.0
1812.0,795.0,2.2607713,3.0
700.0,1183.0,1.8698006,2.0
1832.0,1812.0,7.9636946,4.0
176.0,1852.0,3.307629,12.0
1147.0,810.0,2.5671816,2.0
206.0,1120.0,3.1303115,3.0
1611.0,118.0,1.5477525,2.0
991.0,1058.0,3.8091455,5.0
1445.0,57.0,2.9856603,2.0
1154.0,1946.0,2.4011528,4.0
1634.0,89.0,2.7610784,3.0
805.0,1603.0,2.0899656,2.0
16.0,176.0,5.0752025,4.0
1880.0,2018.0,2.2181976,2.0
843.0,1147.0,4.834849,4.0
1647.0,193.0,2.159276,2.0
469.0,837.0,2.6837578,3.0
1285.0,118.0,2.042201,2.0
812.0,1978.0,2.0035882,2.0
1124.0,1947.0,2.1123583,2.0
1018.0,2025.0,13.617639,12.0
194.0,1011.0,2.188644,2.0
1948.0,808.0,1.9404883,2.0
1899.0,701.0,2.2137992,2.0
1150.0,1152.0,2.3595788,3.0
75.0,1968.0,2.39055,2.0
826.0,480.0,2.1664374,2.0
167.0,1284.0,2.2999084,2.0
1608.0,1947.0,4.2185583,3.0
492.0,402.0,2.3276653,2.0
1862.0,1272.0,4.0289583,3.0
179.0,180.0,2.1850817,2.0
57.0,1271.0,2.103253,2.0
850.0,1812.0,3.0451133,4.0
774.0,494.0,2.495826,2.0
810.0,849.0,4.078474,6.0
1021.0,1421.0,2.1895256,2.0
1136.0,157.0,2.099834,2.0
774.0,7.0,2.8484063,6.0
137.0,1962.0,2.221614,3.0
109.0,1978.0,2.3084912,2.0
194.0,774.0,2.1830328,3.0
111.0,156.0,2.400472,3.0
194.0,1808.0,2.3284984,2.0
112.0,1120.0,2.290639,2.0
1626.0,717.0,2.1654801,2.0
850.0,1113.0,2.2158656,2.0
1923.0,1893.0,2.3699603,2.0
401.0,357.0,3.0840073,3.0
7.0,1981.0,2.9544604,2.0
1254.0,168.0,2.0008876,2.0
809.0,1131.0,4.165169,2.0
833.0,810.0,3.0267458,2.0
1843.0,780.0,2.3048754,2.0
1178.0,843.0,3.4597583,2.0
1728.0,593.0,2.1326556,3.0
87.0,331.0,2.0895386,2.0
529.0,539.0,2.2659526,2.0
509.0,529.0,2.5800428,2.0
1046.0,1272.0,3.7459035,2.0
191.0,1371.0,6.8523536,11.0
206.0,633.0,2.5632164,2.0
411.0,1184.0,2.0732188,2.0
954.0,2004.0,2.2228692,2.0
194.0,193.0,23.215395,23.0
578.0,585.0,2.51638,2.0
2053.0,121.0,2.6185312,2.0
1930.0,1446.0,2.2498791,7.0
1138.0,469.0,2.348663,2.0
4.0,1568.0,4.9217196,6.0
193.0,1370.0,3.9287438,2.0
1888.0,1371.0,2.764694,2.0
789.0,797.0,2.431756,2.0
561.0,206.0,2.76611,2.0
1175.0,1815.0,1.8409462,2.0
991.0,1028.0,2.6910994,2.0
119.0,1278.0,3.1032798,3.0
1214.0,151.0,2.0654497,2.0
1832.0,1977.0,2.2101803,2.0
2016.0,892.0,2.6014576,3.0
1160.0,1944.0,2.6552286,4.0
821.0,823.0,2.4392653,2.0
1138.0,810.0,2.9905512,2.0
491.0,492.0,3.339366,5.0
1127.0,902.0,1.7543714,2.0
1491.0,927.0,2.084341,2.0
1289.0,132.0,2.158161,2.0
854.0,1134.0,2.396824,2.0
1134.0,810.0,5.179103,2.0
1915.0,438.0,2.0039241,2.0
1160.0,809.0,2.3436575,2.0
780.0,1932.0,2.5278692,4.0
1239.0,266.0,1.991872,2.0
2011.0,167.0,3.3777776,4.0
1058.0,1057.0,3.3328834,7.0
883.0,1281.0,4.6898556,2.0
883.0,1047.0,3.5886364,5.0
1223.0,1301.0,1.7992457,2.0
1189.0,1303.0,2.1492963,2.0
194.0,452.0,2.5755749,2.0
2000.0,1751.0,3.3019671,10.0
129.0,132.0,3.3262696,2.0
1121.0,152.0,2.4416533,2.0
1191.0,140.0,3.1885357,2.0
850.0,1133.0,7.198443,10.0
1569.0,1647.0,4.711252,5.0
1644.0,1447.0,1.7914491,2.0
157.0,856.0,2.4742155,2.0
507.0,485.0,1.987757,2.0
1018.0,2036.0,7.881807,6.0
357.0,102.0,2.3889537,2.0
1888.0,1445.0,2.6868763,5.0
1044.0,999.0,4.3912587,5.0
826.0,851.0,2.3085709,2.0
1112.0,1972.0,1.9595131,2.0
1112.0,557.0,2.5811224,5.0
769.0,578.0,2.3907971,3.0
1878.0,2043.0,1.9570618,2.0
1807.0,1809.0,5.062689,11.0
191.0,1861.0,2.7749748,3.0
2010.0,1252.0,2.098131,2.0
1177.0,862.0,2.0145676,2.0
1808.0,121.0,3.7979562,3.0
811.0,810.0,3.111042,2.0
1164.0,1603.0,2.1183004,3.0
477.0,2074.0,4.522951,10.0
1962.0,1608.0,2.6295185,6.0
1998.0,883.0,3.9564407,4.0
105.0,80.0,2.1695366,2.0
1008.0,1007.0,8.956128,12.0
903.0,118.0,1.8933324,2.0
57.0,1153.0,1.7845927,2.0
977.0,578.0,2.1091309,2.0
1158.0,1974.0,2.2413425,2.0
823.0,821.0,2.170568,3.0
1170.0,1159.0,2.1477633,2.0
159.0,557.0,6.3914404,11.0
807.0,1160.0,2.8323045,3.0
176.0,14.0,8.744619,4.0
1127.0,1580.0,1.9703027,2.0
1832.0,718.0,1.7481778,2.0
1945.0,828.0,2.635035,3.0
1779.0,1861.0,2.6589098,2.0
1984.0,888.0,2.9553657,3.0
1949.0,1957.0,2.5159254,2.0
1847.0,738.0,2.1134539,2.0
1562.0,38.0,5.096316,8.0
1225.0,1230.0,2.6179483,2.0
832.0,850.0,4.9700713,6.0
272.0,1431.0,1.7406805,2.0
207.0,978.0,1.9846057,2.0
1278.0,957.0,2.5332823,3.0
1173.0,874.0,3.1317842,6.0
327.0,106.0,2.2666063,2.0
528.0,485.0,2.0101705,2.0
797.0,616.0,2.7545075,2.0
1779.0,130.0,1.8884588,3.0
1779.0,1316.0,1.9679747,2.0
1848.0,2006.0,1.982246,3.0
813.0,1133.0,3.5926685,7.0
155.0,1317.0,2.2172925,3.0
512.0,1978.0,2.3603432,2.0
1847.0,906.0,3.255034,2.0
7.0,3.0,10.151003,6.0
1027.0,327.0,1.8881315,2.0
675.0,1642.0,2.2668915,3.0
1844.0,477.0,1.9448535,2.0
16.0,1568.0,4.641611,3.0
168.0,167.0,6.2471323,7.0
1611.0,1515.0,1.9745687,2.0
7.0,1816.0,4.3373556,5.0
1923.0,118.0,2.0943594,2.0
808.0,850.0,4.2402763,2.0
663.0,1050.0,2.041458,2.0
773.0,503.0,2.1266441,2.0
1167.0,1131.0,2.2783256,2.0
1779.0,361.0,2.1412325,3.0
1837.0,1646.0,3.3531413,2.0
401.0,397.0,2.38178,4.0
320.0,1305.0,2.1713924,2.0
491.0,1952.0,2.422837,4.0
869.0,1119.0,2.026598,2.0
2011.0,1255.0,2.3469462,2.0
469.0,808.0,9.502932,7.0
240.0,156.0,11.32946,5.0
1010.0,1429.0,3.0590117,2.0
1284.0,1266.0,2.3639188,2.0
797.0,825.0,3.8765152,8.0
1008.0,1044.0,7.6572146,7.0
956.0,1748.0,2.3760164,2.0
1173.0,862.0,3.4823074,4.0
673.0,686.0,1.8936687,2.0
1859.0,2037.0,1.8588805,2.0
1259.0,1266.0,2.2894862,2.0
898.0,1915.0,2.2463193,4.0
1794.0,1568.0,2.6981094,2.0
191.0,1435.0,2.1356301,2.0
835.0,1579.0,2.9001808,2.0
1261.0,700.0,1.9186169,2.0
191.0,1027.0,2.2554727,3.0
774.0,284.0,3.1214046,4.0
1838.0,1646.0,2.1137748,2.0
512.0,1825.0,2.64144,2.0
1162.0,1133.0,3.261596,5.0
620.0,443.0,1.8931699,2.0
1562.0,1930.0,3.748627,3.0
132.0,156.0,2.3615756,2.0
1150.0,843.0,3.652677,2.0
1121.0,1129.0,2.3107834,2.0
492.0,155.0,3.1511002,2.0
664.0,360.0,2.3380537,2.0
1832.0,1430.0,1.7931793,2.0
665.0,735.0,2.2284434,3.0
1181.0,156.0,3.2567928,2.0
42.0,1852.0,2.0871668,2.0
1946.0,868.0,1.9933691,2.0
196.0,1754.0,1.9613934,2.0
824.0,1160.0,2.5664299,2.0
1894.0,741.0,2.03729,3.0
1139.0,621.0,1.9960824,2.0
2009.0,1112.0,1.8243506,2.0
13.0,807.0,1.7842939,2.0
1112.0,1832.0,2.7411027,2.0
1899.0,2043.0,3.3661618,5.0
185.0,438.0,2.1307225,2.0
1743.0,1562.0,3.9587924,2.0
1862.0,656.0,2.9101856,2.0
206.0,809.0,9.538897,5.0
1941.0,870.0,2.045193,3.0
518.0,519.0,2.299269,2.0
780.0,1888.0,2.617878,2.0
513.0,795.0,2.0004878,2.0
151.0,156.0,4.471121,8.0
434.0,194.0,2.3913789,2.0
774.0,1581.0,2.122078,4.0
738.0,1272.0,2.1871283,2.0
1740.0,1022.0,2.3277667,3.0
1175.0,207.0,2.775424,2.0
297.0,411.0,2.2113857,3.0
808.0,805.0,2.1696606,2.0
1994.0,883.0,2.7632127,2.0
487.0,1781.0,2.1940203,3.0
902.0,900.0,2.527245,2.0
1181.0,145.0,2.6342764,2.0
1764.0,416.0,2.7660933,4.0
469.0,834.0,3.2168818,2.0
1259.0,1050.0,6.9520884,11.0
828.0,790.0,3.6289358,4.0
1994.0,1278.0,2.2193975,2.0
401.0,149.0,3.3198376,2.0
402.0,413.0,2.4602504,3.0
1603.0,204.0,2.880607,3.0
2025.0,1899.0,3.2455592,7.0
1849.0,769.0,1.7304814,2.0
1138.0,832.0,2.3649182,2.0
107.0,1133.0,3.3366706,2.0
1125.0,204.0,2.0697799,2.0
1149.0,109.0,2.6137004,2.0
1243.0,1740.0,2.1564713,2.0
206.0,843.0,12.83111,5.0
1825.0,1728.0,2.3954797,2.0
819.0,469.0,2.7198796,3.0
1170.0,1135.0,2.1619034,3.0
1743.0,176.0,3.1427732,4.0
809.0,1165.0,2.7893975,2.0
401.0,793.0,2.2855725,2.0
833.0,832.0,3.1827357,3.0
11.0,310.0,2.134565,2.0
824.0,1139.0,2.2518363,3.0
828.0,796.0,6.1437993,5.0
21.0,2063.0,2.0095236,2.0
1018.0,1901.0,2.3318143,2.0
1046.0,903.0,4.2576647,4.0
1320.0,1461.0,2.0123022,2.0
1750.0,1862.0,3.096829,2.0
395.0,700.0,2.0133781,2.0
1562.0,1647.0,12.5013275,8.0
1608.0,1958.0,4.656287,4.0
1611.0,1160.0,12.873741,3.0
320.0,1776.0,2.0872152,2.0
1134.0,851.0,2.5902503,2.0
207.0,401.0,4.769825,2.0
856.0,835.0,3.5960565,5.0
357.0,80.0,2.4618216,2.0
789.0,159.0,2.1964474,2.0
1598.0,563.0,1.9123584,2.0
1188.0,127.0,2.3457348,3.0
361.0,1311.0,2.3370776,2.0
203.0,155.0,2.527721,2.0
903.0,656.0,2.123291,3.0
119.0,955.0,2.4096575,2.0
1888.0,433.0,3.2299128,5.0
2025.0,1999.0,2.1298323,2.0
206.0,297.0,2.4156609,3.0
1154.0,112.0,2.2484288,2.0
1789.0,1055.0,2.9477708,3.0
145.0,1947.0,2.22256,2.0
883.0,2013.0,2.5483875,3.0
1134.0,835.0,2.7858639,3.0
156.0,137.0,2.9053917,2.0
207.0,631.0,2.905284,2.0
1850.0,883.0,6.001787,16.0
1319.0,1230.0,2.4408464,2.0
565.0,616.0,1.9802709,2.0
411.0,292.0,3.8323612,2.0
803.0,1133.0,2.4417734,2.0
1945.0,847.0,2.1746106,3.0
1894.0,1263.0,2.4277463,3.0
237.0,1933.0,2.3465462,3.0
1611.0,194.0,2.8282628,3.0
2055.0,1978.0,2.664826,2.0
4.0,1812.0,2.162469,2.0
750.0,700.0,2.0570421,2.0
1832.0,1930.0,2.1634307,2.0
204.0,469.0,3.1420588,3.0
832.0,819.0,2.0098116,2.0
780.0,778.0,4.8623466,5.0
1017.0,1752.0,2.0246239,2.0
826.0,1607.0,2.560583,2.0
797.0,124.0,2.8725352,2.0
1754.0,1998.0,2.3018255,4.0
1668.0,1794.0,2.4825838,3.0
1861.0,676.0,2.7218635,3.0
903.0,346.0,1.8907224,2.0
2036.0,1249.0,2.5315752,2.0
2025.0,1751.0,2.4456072,2.0
1160.0,112.0,2.0568054,2.0
1627.0,411.0,2.81002,2.0
578.0,1876.0,2.2525144,2.0
1779.0,401.0,2.4024112,3.0
815.0,835.0,2.617137,2.0
632.0,89.0,2.0908358,2.0
954.0,1984.0,4.306649,2.0
1173.0,137.0,4.4826303,5.0
1943.0,1947.0,4.324331,6.0
883.0,887.0,3.7887793,2.0
357.0,1763.0,2.4021225,2.0
61.0,1892.0,2.4243178,2.0
880.0,1167.0,2.6447794,2.0
1146.0,1962.0,3.379652,2.0
956.0,1809.0,2.3255162,2.0
3.0,2059.0,2.261289,2.0
1666.0,1671.0,2.5172334,3.0
573.0,578.0,2.6982102,3.0
1039.0,780.0,4.4004335,7.0
883.0,2019.0,4.051042,2.0
89.0,294.0,2.181214,2.0
449.0,1873.0,2.0740194,3.0
1953.0,1132.0,2.6355634,2.0
1825.0,57.0,2.5758057,4.0
93.0,94.0,2.0928035,2.0
1308.0,1755.0,2.5340233,2.0
1220.0,422.0,2.004263,2.0
1010.0,1262.0,2.6180887,2.0
1825.0,620.0,2.9867148,4.0
57.0,1443.0,2.1045036,2.0
411.0,156.0,2.517129,5.0
7.0,93.0,2.1774626,2.0
1164.0,839.0,2.5036545,4.0
1316.0,1646.0,2.8106875,3.0
1434.0,1431.0,2.0301542,2.0
206.0,145.0,5.7745457,3.0
862.0,1173.0,2.4969769,3.0
1046.0,2030.0,2.3976922,2.0
2.0,1316.0,4.151936,2.0
843.0,1211.0,3.1429543,3.0
1020.0,237.0,2.6014333,3.0
1167.0,280.0,2.0098405,2.0
1164.0,874.0,1.9465948,2.0
660.0,1627.0,2.2437456,3.0
1847.0,53.0,1.9642103,2.0
797.0,557.0,2.4505613,2.0
1573.0,1158.0,2.019861,2.0
1930.0,1438.0,1.975713,2.0
2018.0,2020.0,2.6573474,2.0
683.0,348.0,2.0336227,2.0
108.0,835.0,2.4175773,2.0
1890.0,1892.0,3.7473521,6.0
1047.0,1050.0,1.9745114,2.0
957.0,883.0,6.7965956,7.0
361.0,656.0,3.1527514,2.0
469.0,1164.0,4.215707,3.0
1838.0,206.0,3.6266577,2.0
1318.0,1196.0,3.034188,4.0
842.0,1111.0,1.9595449,2.0
1820.0,1510.0,2.2351735,2.0
1882.0,1893.0,2.4538593,2.0
296.0,299.0,2.115763,2.0
110.0,1971.0,2.128281,2.0
774.0,1743.0,2.3247156,2.0
598.0,1164.0,2.8302646,2.0
1779.0,688.0,1.9835582,2.0
450.0,449.0,2.4476454,3.0
2026.0,1429.0,2.0023212,2.0
741.0,673.0,2.084818,2.0
849.0,865.0,2.0430157,2.0
1112.0,1158.0,2.511261,3.0
398.0,357.0,2.1144938,2.0
1878.0,2000.0,2.0206232,2.0
1133.0,469.0,13.51985,16.0
1165.0,1121.0,2.0013795,2.0
193.0,181.0,3.266207,2.0
207.0,869.0,2.8959231,2.0
431.0,438.0,2.7634373,2.0
855.0,821.0,1.9811091,2.0
450.0,57.0,2.306028,4.0
131.0,132.0,3.7532332,6.0
835.0,482.0,2.2632048,2.0
2023.0,2036.0,2.1950698,2.0
1159.0,331.0,1.7954717,2.0
1892.0,1449.0,3.863608,8.0
106.0,1884.0,1.7644808,2.0
150.0,1180.0,2.53792,2.0
89.0,364.0,4.830946,3.0
1017.0,1010.0,2.4560726,2.0
364.0,1768.0,2.1716142,2.0
828.0,820.0,4.0407486,4.0
150.0,705.0,1.8543406,2.0
1812.0,284.0,3.928128,5.0
723.0,726.0,2.0467103,2.0
1847.0,1642.0,2.239787,3.0
856.0,1881.0,1.6130204,2.0
14.0,18.0,3.2010627,4.0
2001.0,1015.0,2.0778096,2.0
492.0,1820.0,2.0109096,2.0
1899.0,176.0,2.2429624,2.0
28.0,1790.0,2.1068635,2.0
53.0,57.0,2.450357,5.0
850.0,1832.0,3.6956687,2.0
906.0,891.0,2.0632982,2.0
447.0,446.0,2.0605528,2.0
1668.0,176.0,2.6014917,3.0
7.0,1562.0,4.4923916,9.0
1112.0,856.0,4.042817,2.0
1318.0,1201.0,2.21097,3.0
1562.0,537.0,2.0787168,2.0
906.0,1283.0,2.298299,2.0
828.0,204.0,7.4915667,9.0
927.0,283.0,1.9040008,2.0
1292.0,101.0,1.8520362,2.0
898.0,2025.0,2.5683312,3.0
1861.0,897.0,2.7283177,2.0
2000.0,611.0,1.9291186,2.0
1838.0,135.0,1.9919167,2.0
2011.0,892.0,6.4369755,17.0
147.0,156.0,2.7535944,2.0
1065.0,1750.0,3.4580798,3.0
1882.0,892.0,3.1581395,2.0
841.0,805.0,2.9581957,2.0
1039.0,236.0,2.3111753,3.0
1825.0,578.0,5.3250737,11.0
156.0,1127.0,2.0427423,2.0
828.0,803.0,2.3191276,2.0
736.0,344.0,2.2577,2.0
956.0,906.0,3.5947452,4.0
1039.0,778.0,2.1542408,2.0
1121.0,1968.0,4.5699363,3.0
155.0,132.0,3.2426708,2.0
151.0,343.0,2.4532046,3.0
940.0,955.0,3.1926806,2.0
207.0,1958.0,2.1799364,3.0
1581.0,1816.0,3.8952086,4.0
1149.0,1133.0,3.4779754,2.0
1906.0,1039.0,2.0438924,2.0
159.0,109.0,5.1554937,4.0
850.0,1136.0,2.524281,2.0
1670.0,5.0,4.843815,3.0
811.0,850.0,3.699494,4.0
1838.0,1794.0,2.2317448,3.0
1922.0,57.0,4.2632346,8.0
1178.0,1135.0,2.2473595,2.0
824.0,1832.0,2.5434198,2.0
828.0,813.0,7.706974,12.0
1807.0,1284.0,2.6002984,3.0
1261.0,1257.0,2.2455974,3.0
1164.0,1157.0,2.5708888,2.0
921.0,701.0,2.1232078,3.0
1338.0,1838.0,2.0807285,2.0
2025.0,1834.0,2.2064927,2.0
1571.0,1664.0,2.938821,2.0
1121.0,631.0,2.084886,3.0
222.0,450.0,2.6943722,2.0
839.0,857.0,2.6823134,2.0
835.0,832.0,8.430589,7.0
469.0,796.0,8.044206,4.0
1065.0,1046.0,2.9786634,2.0
314.0,240.0,2.1869133,2.0
906.0,1067.0,2.846551,5.0
176.0,7.0,5.473439,8.0
741.0,1650.0,2.0676584,2.0
1670.0,12.0,2.567055,3.0
957.0,954.0,3.5128474,3.0
191.0,1782.0,4.3091555,7.0
1364.0,1779.0,2.3217444,3.0
114.0,809.0,2.3634362,2.0
1743.0,1854.0,2.1811845,2.0
1605.0,1779.0,2.291901,2.0
1160.0,1152.0,2.8561258,3.0
1838.0,1653.0,1.9774702,2.0
238.0,896.0,1.867794,2.0
207.0,641.0,2.3744953,2.0
1058.0,1055.0,2.8998742,2.0
1133.0,1157.0,2.2591972,2.0
1635.0,1231.0,1.8264445,2.0
892.0,2009.0,3.0642123,5.0
1832.0,1050.0,1.6031158,2.0
1121.0,1576.0,1.7170489,2.0
1832.0,774.0,2.9205558,8.0
1020.0,994.0,2.3882596,2.0
2036.0,2009.0,2.4121323,3.0
1611.0,1600.0,2.274701,6.0
850.0,832.0,8.954056,6.0
1720.0,835.0,1.9829576,2.0
500.0,237.0,2.6905775,4.0
2010.0,1893.0,2.4566574,2.0
1964.0,873.0,2.0207267,2.0
1984.0,1010.0,1.9101881,2.0
1254.0,1779.0,2.263642,2.0
1607.0,826.0,2.1477363,2.0
1611.0,835.0,3.6410973,6.0
1134.0,1295.0,1.7626872,2.0
1116.0,1112.0,2.6745012,2.0
1580.0,280.0,3.5399308,2.0
1173.0,1941.0,3.5210059,5.0
1789.0,525.0,1.9456496,2.0
1656.0,357.0,2.0238247,2.0
954.0,1281.0,2.960075,2.0
1815.0,1134.0,2.6710577,2.0
1850.0,1874.0,1.9560008,2.0
57.0,785.0,2.0474958,2.0
1286.0,1271.0,3.0581121,4.0
927.0,139.0,1.8743392,2.0
911.0,1999.0,1.9684137,2.0
1047.0,905.0,2.0727088,2.0
1308.0,416.0,2.209455,2.0
1568.0,477.0,2.632547,2.0
157.0,1111.0,3.891923,9.0
245.0,1192.0,2.956799,4.0
1571.0,1646.0,2.9338264,2.0
1847.0,2039.0,1.9729269,2.0
2011.0,1754.0,4.3988075,2.0
843.0,1160.0,6.5449204,12.0
906.0,956.0,4.152364,2.0
1133.0,1941.0,2.6945992,8.0
802.0,869.0,2.0813403,4.0
2009.0,1702.0,2.1713533,2.0
193.0,1696.0,7.374773,4.0
1041.0,1733.0,2.1592035,2.0
1572.0,1670.0,5.1665587,3.0
477.0,1978.0,2.1204178,2.0
166.0,139.0,3.1211975,3.0
1158.0,835.0,5.087925,2.0
2036.0,1282.0,2.095059,2.0
1043.0,998.0,2.6650314,3.0
30.0,1419.0,2.0723374,2.0
1286.0,1911.0,2.0759897,2.0
271.0,1614.0,1.7649971,2.0
797.0,794.0,2.431241,3.0
1278.0,1013.0,2.0340166,2.0
155.0,1184.0,2.8989465,4.0
909.0,1044.0,2.313438,2.0
795.0,1794.0,2.7373781,3.0
1248.0,1250.0,2.1636338,2.0
4.0,1667.0,2.3586261,2.0
156.0,151.0,4.783161,3.0
1046.0,902.0,3.0595028,2.0
1441.0,57.0,4.056691,2.0
4.0,1816.0,9.564932,2.0
1046.0,1158.0,1.7634535,2.0
57.0,191.0,13.731302,15.0
1018.0,835.0,2.0605648,2.0
504.0,1779.0,2.20401,2.0
1116.0,1165.0,2.0536833,3.0
1058.0,1425.0,2.2815204,2.0
1959.0,1146.0,3.2170155,5.0
364.0,401.0,4.0670094,7.0
160.0,1111.0,1.9447819,2.0
1959.0,862.0,2.4026845,2.0
1220.0,1779.0,2.0778847,2.0
584.0,42.0,2.1284416,2.0
1020.0,1733.0,2.2201443,2.0
89.0,410.0,2.298454,5.0
1189.0,1211.0,2.0273433,2.0
1611.0,480.0,4.2521024,2.0
1838.0,57.0,3.0133467,2.0
811.0,1121.0,1.8572617,2.0
1124.0,1957.0,2.1861672,2.0
121.0,774.0,1.7465055,2.0
7.0,1.0,3.542627,8.0
840.0,1165.0,3.2531476,6.0
57.0,1808.0,4.361765,4.0
551.0,555.0,2.0920806,2.0
4.0,1341.0,2.4274921,2.0
1047.0,892.0,2.5404632,3.0
849.0,808.0,2.4128077,3.0
1045.0,744.0,1.9180716,2.0
12.0,476.0,2.4928503,2.0
1230.0,1212.0,2.443312,2.0
1027.0,226.0,2.3276367,4.0
1838.0,191.0,2.166528,6.0
166.0,138.0,2.5752826,4.0
1511.0,1367.0,2.1536198,2.0
1757.0,411.0,2.2467906,3.0
809.0,1133.0,2.9533527,2.0
207.0,642.0,2.312037,2.0
1259.0,194.0,3.066469,2.0
1160.0,1605.0,2.4640045,2.0
1930.0,2006.0,2.0095499,2.0
1666.0,1978.0,6.2614617,3.0
869.0,809.0,2.0594373,2.0
1852.0,57.0,2.4521108,2.0
207.0,339.0,2.18268,2.0
810.0,159.0,3.6695938,3.0
1164.0,1160.0,4.171517,11.0
1591.0,509.0,2.5662389,2.0
1815.0,1837.0,2.3004417,2.0
1858.0,1808.0,2.5416791,4.0
700.0,1847.0,2.6716418,6.0
297.0,713.0,2.0748458,2.0
1878.0,2036.0,2.264738,3.0
745.0,668.0,2.0157928,2.0
207.0,1606.0,3.4821548,2.0
1945.0,1829.0,2.3841429,4.0
2036.0,1894.0,3.3021722,2.0
1018.0,1899.0,2.994215,4.0
1271.0,892.0,2.2117686,2.0
240.0,1216.0,2.7272155,3.0
2025.0,193.0,3.9719825,4.0
300.0,1811.0,1.8085628,2.0
509.0,1701.0,1.9953618,3.0
411.0,1600.0,1.6405954,2.0
1172.0,1861.0,2.071129,3.0
1856.0,29.0,2.1408343,3.0
843.0,243.0,2.1647985,2.0
2000.0,1017.0,2.1561399,2.0
132.0,1204.0,2.1604004,2.0
245.0,129.0,2.4631548,3.0
412.0,1970.0,1.974387,2.0
780.0,1783.0,3.113853,2.0
1769.0,361.0,1.9763322,3.0
808.0,814.0,2.2009897,2.0
469.0,826.0,12.740526,9.0
207.0,700.0,2.191569,4.0
1065.0,1847.0,2.7176962,5.0
1267.0,1018.0,2.5522232,2.0
780.0,438.0,3.4970279,7.0
1899.0,237.0,2.5885825,2.0
1112.0,813.0,3.4623632,6.0
193.0,780.0,6.353965,3.0
481.0,813.0,2.8992705,2.0
1973.0,578.0,2.0093627,2.0
921.0,2025.0,2.3912077,3.0
1967.0,206.0,2.9405308,2.0
740.0,350.0,1.9707873,2.0
843.0,802.0,4.553071,3.0
2017.0,1429.0,1.9871652,3.0
676.0,1910.0,2.0314112,2.0
598.0,833.0,2.0632963,5.0
573.0,1445.0,1.8516673,2.0
156.0,340.0,2.7784638,2.0
1808.0,1008.0,2.4435492,3.0
732.0,1861.0,4.6421585,8.0
1667.0,1568.0,3.061797,2.0
843.0,1204.0,2.3889618,2.0
1159.0,1605.0,2.0847104,2.0
1053.0,1179.0,2.0239987,2.0
1057.0,1597.0,2.2147923,2.0
2009.0,1264.0,2.1771345,2.0
809.0,159.0,2.7219515,2.0
137.0,128.0,3.0096607,2.0
892.0,2018.0,3.4154882,2.0
1133.0,1109.0,7.643982,8.0
801.0,1158.0,2.0466988,2.0
2011.0,2050.0,2.0378633,2.0
2036.0,469.0,2.2228284,2.0
513.0,1825.0,2.4189672,3.0
2010.0,1878.0,2.1008825,2.0
2006.0,2000.0,2.4061956,3.0
1894.0,1878.0,2.267208,2.0
393.0,1655.0,2.0331826,2.0
45.0,2006.0,1.9463294,2.0
2011.0,57.0,6.060337,16.0
774.0,57.0,2.545529,5.0
833.0,159.0,2.5532112,2.0
159.0,1112.0,11.712856,3.0
1254.0,701.0,1.9959052,2.0
1278.0,909.0,3.8375752,4.0
433.0,1886.0,3.154465,2.0
2025.0,1018.0,12.144796,11.0
656.0,2031.0,2.128947,2.0
206.0,1172.0,3.3558168,3.0
273.0,505.0,2.1591508,3.0
401.0,327.0,2.2805128,2.0
572.0,1587.0,2.0358343,2.0
469.0,0.0,2.6048985,2.0
361.0,1226.0,2.3679638,2.0
2011.0,891.0,2.3260808,3.0
813.0,1116.0,2.1136339,2.0
1255.0,1248.0,1.9915674,2.0
20.0,194.0,2.1202655,2.0
1898.0,892.0,2.2901397,2.0
1020.0,1429.0,2.4277587,4.0
888.0,1878.0,2.6328795,3.0
1130.0,1967.0,2.199678,3.0
1825.0,1787.0,1.991418,2.0
169.0,171.0,2.5989454,2.0
492.0,1950.0,2.8930783,2.0
307.0,145.0,1.9693068,2.0
1809.0,1807.0,3.5151906,5.0
14.0,1571.0,4.057727,3.0
203.0,842.0,2.1240745,3.0
843.0,240.0,4.0206947,2.0
222.0,191.0,2.64397,3.0
1607.0,2025.0,2.1599662,2.0
1798.0,737.0,1.9709833,2.0
1049.0,899.0,2.0600834,2.0
828.0,800.0,2.162254,2.0
828.0,1141.0,2.1915894,2.0
659.0,1861.0,2.6978583,2.0
835.0,1811.0,2.6918693,2.0
240.0,132.0,3.307712,3.0
802.0,828.0,2.2614558,2.0
1058.0,2025.0,2.445026,3.0
957.0,955.0,2.4586601,4.0
809.0,204.0,2.4817905,5.0
1973.0,1794.0,2.4813495,2.0
194.0,1890.0,4.9577837,6.0
1278.0,1281.0,2.2666254,2.0
1762.0,401.0,2.677314,3.0
1764.0,376.0,2.337726,2.0
1562.0,774.0,5.489972,13.0
2000.0,2009.0,4.421415,4.0
856.0,816.0,2.5355282,2.0
1173.0,1120.0,1.9546313,2.0
1627.0,360.0,2.7207022,2.0
16.0,1566.0,2.3772714,2.0
1901.0,1043.0,2.2391226,2.0
132.0,1230.0,5.0885835,10.0
1139.0,589.0,1.9255588,2.0
2011.0,121.0,5.110595,5.0
828.0,816.0,2.7776525,2.0
2055.0,425.0,2.23919,2.0
477.0,4.0,27.525887,29.0
1877.0,237.0,2.5780954,7.0
667.0,1193.0,1.8735387,3.0
673.0,1273.0,2.2380803,4.0
1020.0,1789.0,3.275713,4.0
2011.0,1837.0,1.9853909,2.0
1278.0,954.0,10.334253,11.0
143.0,156.0,2.1393375,3.0
1564.0,15.0,2.451783,2.0
207.0,1946.0,3.2916598,2.0
1183.0,1210.0,2.2416272,2.0
843.0,1201.0,2.0422726,2.0
1611.0,843.0,6.5315657,10.0
42.0,578.0,3.0274343,6.0
857.0,1135.0,2.9242666,2.0
1852.0,1825.0,2.4520216,2.0
802.0,841.0,2.3756685,2.0
1693.0,631.0,2.0398364,2.0
1953.0,1601.0,2.186864,2.0
1812.0,109.0,2.9322968,2.0
1862.0,1065.0,4.1428366,3.0
1112.0,1147.0,2.327231,2.0
1892.0,433.0,2.5047421,4.0
401.0,150.0,3.2033434,3.0
1611.0,808.0,2.5847092,4.0
193.0,15.0,2.2600691,4.0
1930.0,1670.0,1.8497949,3.0
2000.0,920.0,2.130602,2.0
843.0,469.0,4.62247,9.0
145.0,1224.0,5.8295937,3.0
1206.0,1224.0,2.8889034,3.0
1562.0,919.0,2.002893,2.0
155.0,1757.0,2.2655933,2.0
902.0,679.0,2.7318027,5.0
89.0,357.0,3.1373,4.0
1872.0,431.0,2.078536,2.0
1675.0,1148.0,1.8818226,2.0
1335.0,1917.0,2.13635,2.0
803.0,1157.0,2.2307465,2.0
1899.0,989.0,2.5394719,3.0
402.0,1779.0,2.376864,2.0
222.0,433.0,5.2523055,5.0
1133.0,821.0,2.4667437,3.0
1046.0,1010.0,2.04977,2.0
1122.0,145.0,3.5870419,2.0
476.0,3.0,5.3960924,15.0
2001.0,1011.0,2.1759794,2.0
849.0,841.0,2.011304,2.0
469.0,588.0,2.0673838,3.0
1173.0,861.0,2.706306,2.0
1751.0,1058.0,1.947231,3.0
1160.0,109.0,3.6502552,5.0
279.0,1832.0,3.207242,5.0
826.0,1162.0,2.504854,3.0
551.0,562.0,2.0155559,2.0
1112.0,157.0,2.5539236,2.0
903.0,167.0,2.6532764,2.0
1922.0,1808.0,2.9686184,2.0
21.0,946.0,2.28902,3.0
1877.0,1998.0,2.3783836,3.0
812.0,1953.0,2.7464314,2.0
862.0,1111.0,2.3655348,2.0
805.0,1832.0,2.3969607,3.0
826.0,2060.0,2.0915635,2.0
1809.0,999.0,2.1913865,2.0
207.0,1776.0,2.1828237,2.0
810.0,1953.0,3.3730838,4.0
587.0,93.0,2.0171416,2.0
169.0,140.0,4.2305226,4.0
849.0,1600.0,2.6566882,2.0
898.0,1901.0,3.6833348,3.0
1112.0,1016.0,1.7469692,2.0
1044.0,193.0,2.763904,3.0
176.0,1816.0,2.7668495,2.0
1361.0,149.0,1.9163121,2.0
1789.0,57.0,3.106696,3.0
797.0,1140.0,2.2323627,3.0
1930.0,1783.0,2.3230777,5.0
1057.0,1039.0,2.79453,3.0
1364.0,1892.0,2.016986,3.0
1847.0,2031.0,2.7195814,2.0
2038.0,843.0,2.0851216,2.0
676.0,732.0,2.3904061,2.0
2020.0,1880.0,2.248695,2.0
1319.0,130.0,2.0345404,2.0
1109.0,826.0,2.0384724,2.0
920.0,745.0,2.6486504,5.0
152.0,166.0,2.2540874,4.0
198.0,511.0,2.5316582,2.0
1147.0,555.0,1.8932518,2.0
920.0,1371.0,2.1066508,2.0
808.0,1133.0,5.2857723,9.0
1369.0,1783.0,2.8632262,3.0
15.0,38.0,2.8814137,4.0
840.0,1167.0,3.2997441,2.0
167.0,1208.0,5.5872226,8.0
1208.0,140.0,3.644644,4.0
883.0,2008.0,2.6837611,2.0
1953.0,824.0,2.353354,3.0
1611.0,856.0,3.2676206,4.0
828.0,1838.0,4.9415584,3.0
1932.0,1892.0,2.587808,3.0
1847.0,1286.0,3.1576397,2.0
2014.0,1846.0,2.1042168,2.0
843.0,850.0,3.666037,2.0
2025.0,1909.0,2.7184558,2.0
1020.0,89.0,1.9588859,2.0
1834.0,2013.0,1.9242967,2.0
712.0,149.0,2.0175085,2.0
1010.0,1043.0,2.2555196,2.0
828.0,1973.0,8.136488,11.0
1134.0,276.0,2.777231,5.0
513.0,266.0,1.977913,2.0
529.0,1726.0,2.7905772,2.0
469.0,1149.0,2.7140822,4.0
1178.0,840.0,2.2038054,2.0
412.0,343.0,2.2131147,2.0
1124.0,1116.0,2.0763912,2.0
620.0,622.0,2.2600183,2.0
999.0,883.0,2.4496202,2.0
1820.0,1105.0,2.1295788,3.0
990.0,1455.0,1.8308468,2.0
109.0,815.0,3.510073,3.0
980.0,966.0,1.9488227,2.0
835.0,1165.0,2.3583436,2.0
68.0,1529.0,2.201096,2.0
1044.0,1007.0,4.665255,2.0
1852.0,1566.0,2.179962,3.0
700.0,1532.0,1.9835701,2.0
1957.0,1947.0,4.6576295,2.0
1312.0,1229.0,2.0636067,4.0
631.0,1318.0,2.0129032,2.0
155.0,143.0,2.2716863,3.0
1043.0,2011.0,4.013077,6.0
191.0,1369.0,7.3854985,4.0
206.0,1156.0,3.550926,7.0
1286.0,121.0,4.3035965,4.0
1164.0,1124.0,2.7724133,2.0
109.0,1111.0,2.755231,3.0
149.0,244.0,1.9425632,2.0
1932.0,1444.0,2.0129473,2.0
1020.0,1899.0,2.4936328,3.0
1571.0,7.0,4.902552,4.0
2066.0,1070.0,1.8872249,2.0
1627.0,675.0,2.5271816,5.0
1044.0,1877.0,2.3037772,2.0
918.0,912.0,2.0512953,3.0
1173.0,1178.0,2.2795024,2.0
1569.0,2066.0,1.9120376,2.0
1998.0,956.0,2.529016,3.0
191.0,1646.0,1.940256,2.0
1899.0,1935.0,2.2168841,2.0
1061.0,1027.0,2.2009327,2.0
717.0,141.0,1.916662,2.0
954.0,2011.0,16.162579,20.0
1783.0,1838.0,1.8320051,2.0
1932.0,529.0,2.5016856,3.0
159.0,855.0,2.8545213,3.0
843.0,1135.0,3.0545697,6.0
1136.0,159.0,2.636265,4.0
774.0,29.0,2.0505755,2.0
812.0,1109.0,2.5491173,2.0
1893.0,1018.0,3.4995623,3.0
857.0,808.0,2.3018804,2.0
1779.0,1812.0,2.2623272,3.0
193.0,1083.0,2.1105852,2.0
509.0,247.0,1.9101766,2.0
193.0,185.0,2.101306,2.0
1421.0,2025.0,2.490664,2.0
570.0,555.0,2.1335516,3.0
1702.0,194.0,2.229313,2.0
843.0,1954.0,2.6480446,2.0
1755.0,82.0,2.1740274,2.0
578.0,1562.0,2.908871,3.0
1566.0,1978.0,2.6534688,2.0
15.0,428.0,2.0876846,2.0
1772.0,1658.0,2.3148494,2.0
1859.0,891.0,1.8975418,2.0
1066.0,2018.0,1.9774187,2.0
1079.0,991.0,2.3174624,2.0
2011.0,1047.0,4.637495,6.0
76.0,1177.0,3.1903868,3.0
2037.0,2025.0,2.4852116,2.0
1847.0,118.0,2.1186228,3.0
1286.0,1846.0,2.3649206,3.0
433.0,225.0,2.2368875,2.0
1838.0,331.0,1.9861364,2.0
1847.0,679.0,2.5540638,3.0
2016.0,2001.0,1.9567845,2.0
936.0,1715.0,2.1907506,2.0
2025.0,194.0,3.9595852,4.0
623.0,176.0,2.0825696,2.0
1738.0,1820.0,2.4599419,2.0
1308.0,1636.0,2.409024,4.0
150.0,1205.0,2.5362563,5.0
469.0,1831.0,2.8183405,2.0
1832.0,1647.0,2.4758961,2.0
1572.0,1647.0,4.926537,2.0
1968.0,111.0,2.6211567,2.0
1259.0,1045.0,5.1947737,6.0
469.0,560.0,2.8312757,4.0
797.0,1601.0,1.9790962,2.0
824.0,1134.0,2.6288786,2.0
2019.0,883.0,3.243621,2.0
810.0,1109.0,7.333416,2.0
1740.0,780.0,2.5545712,2.0
954.0,2003.0,2.18051,2.0
1047.0,1808.0,2.0267577,2.0
1733.0,1059.0,2.1630912,2.0
1308.0,1213.0,1.9373227,2.0
391.0,921.0,1.9685893,2.0
673.0,1272.0,3.4704316,3.0
1611.0,1607.0,6.845439,3.0
207.0,1967.0,3.9537716,2.0
896.0,2035.0,1.8972657,2.0
1147.0,1132.0,2.0257668,2.0
1164.0,1825.0,2.576189,2.0
99.0,410.0,2.0161014,2.0
744.0,701.0,2.1513953,2.0
828.0,847.0,3.7828236,4.0
127.0,155.0,2.0316813,3.0
843.0,1259.0,2.2112658,2.0
957.0,899.0,2.077171,2.0
856.0,1133.0,14.313408,10.0
